QuestionID,Chapter,Topic,Question,OptionA,OptionB,OptionC,OptionD,OptionE,CorrectAnswer,Explanation
BRS-P-001,ANATOMY,,The primary visual cortex (Brodmann area 17) is located around the:,Central sulcus,Lateral sulcus,Parieto-occipital sulcus,Calcarine sulcus,Cingulate sulcus,D,
BRS-P-002,ANATOMY,,Functional unit (zone) of the lung distal to the terminal bronchiole?,Respiratory bronchiole,Alveolar duct,Pulmonary acinus,Alveolar sac,,C,
BRS-P-003,ANATOMY,,"A 35-year-old man develops limping after pelvic trauma. On examination, when he stands on the affected leg, his pelvis tilts down on the opposite side. This gait is most likely due to injury of:",Inferior gluteal nerve,Superior gluteal nerve,Sciatic nerve,Femoral nerve,,B,
BRS-P-004,ANATOMY,,The cell bodies of sensory neurons for pain and touch in spinal nerves are located in:,Anterior horn of spinal cord,Posterior root ganglion / Dorsal root ganglion,Nucleus gracilis,Substantia gelatinosa,,B,
BRS-P-005,ANATOMY,,Baker's cyst is most commonly a distension of the bursa located between which two muscles?,Biceps femoris and Semitendinosus,Semimembranosus and Medial head of Gastrocnemius,Sartorius and Gracilis,Popliteus and Plantaris,,B,
BRS-P-006,ANATOMY,,Taste sensation from the anterior 2/3rd of the tongue is carried by which nerve?,Glossopharyngeal nerve,Chorda tympani branch of Facial nerve,Vagus nerve,Hypoglossal nerve,,B,
BRS-P-007,ANATOMY,,A patient has injury in the posterior triangle of neck and is unable to shrug his shoulders. Which nerve is damaged?,Dorsal scapular nerve,Accessory nerve / CN XI,Phrenic nerve,Long thoracic nerve,,B,
BRS-P-008,ANATOMY,,"A baby presents with ""Waiter's tip"" deformity of upper limb. Which nerve is injured?",Radial nerve,Upper trunk of brachial plexus / Erb's palsy,Lower trunk of brachial plexus,Median nerve,,B,
BRS-P-009,ANATOMY,,Axillary lymph nodes are divided into how many anatomical levels?,Three levels (based on pectoralis minor),,,,,A,
BRS-P-010,ANATOMY,,Which cranial nerve passes through the foramen ovale?,Mandibular nerve (V3),,,,,A,
BRS-P-011,ANATOMY,,Which cranial nerves pass through the jugular foramen?,"CN IX, X, and XI",,,,,A,
BRS-P-012,ANATOMY,,Loss of taste sensation from the anterior two-thirds of the tongue indicates injury to which nerve?,Chorda tympani (Facial nerve),,,,,A,
BRS-P-013,ANATOMY,,A patient with a suppurative ear infection develops facial palsy with no ataxia or ocular involvement. Where is the lesion?,Facial canal (middle ear),,,,,A,
BRS-P-014,ANATOMY,,"In Ramsay Hunt syndrome, where is the primary lesion of the facial nerve located?",Geniculate ganglion,,,,,A,
BRS-P-015,ANATOMY,,What gait is observed in superior gluteal nerve injury?,Trendelenburg gait,,,,,A,
BRS-P-016,ANATOMY,,Where is the posterior root ganglion located?,Intervertebral foramen,,,,,A,
BRS-P-017,ANATOMY,,Baker's cyst is a distension of the bursa between which two muscles?,Semimembranosus and medial head of gastrocnemius,,,,,A,
BRS-P-018,ANATOMY,,Vibration and conscious proprioception are carried by which pathway?,Spinothalamic tract,Lateral corticospinal tract,Dorsal column–medial lemniscus pathway,Spinocerebellar tract,,C,
BRS-P-019,ANATOMY,,Taste sensation from the anterior two-thirds of the tongue is carried by:,Lingual nerve,Glossopharyngeal nerve,Chorda tympani (Facial nerve),Hypoglossal nerve,,C,
BRS-P-020,ANATOMY,,Which nerve passes through the foramen ovale?,Optic nerve,Trochlear nerve,Mandibular nerve (V3),Facial nerve,,C,
BRS-P-021,ANATOMY,,Posterior dislocation of the hip most commonly injures the:,Femoral nerve,Obturator nerve,Sciatic nerve,Pudendal nerve,,C,
BRS-P-022,ANATOMY,,"A patient cannot stand on tip-toe, has loss of plantar flexion, inversion, and sensation over the sole. Which nerve is injured?",Tibial nerve,Common peroneal nerve,Deep peroneal nerve,Superficial peroneal nerve,,A,
BRS-P-023,ANATOMY,,Loss of erection following prostate surgery is most likely due to injury of the:,Pudendal nerve,Pelvic splanchnic nerves (cavernous nerves),Sacral splanchnic nerves,Ilioinguinal nerve,,B,
BRS-P-024,ANATOMY,,Vertical diplopia is classically associated with palsy of:,Oculomotor nerve (CN III),Trochlear nerve (CN IV),Abducens nerve (CN VI),Facial nerve (CN VII),,B,
BRS-P-025,ANATOMY,,Penile erection is primarily mediated by:,Sympathetic fibers (T11–L2),Pelvic splanchnic nerves (S2–S4),Pudendal nerve only,Genitofemoral nerve,,B,
BRS-P-026,ANATOMY,,Axillary lymph nodes are divided into how many anatomical levels?,Two,Three,Four,Five,,B,
BRS-P-027,ANATOMY,,Which structure passes through the jugular foramen?,CN VII & VIII,"CN IX, X & XI",CN XII,CN V3,,B,
BRS-P-028,ANATOMY,,Which artery runs along the superior border of the pancreas posterior to the stomach?,Left gastric artery,Splenic artery,Right gastric artery,Gastroduodenal artery,,B,
BRS-P-029,ANATOMY,,The vessel most commonly injured in a supracondylar fracture of the humerus is:,Radial artery,Ulnar artery,Brachial artery,Axillary artery,,C,
BRS-P-030,ANATOMY,,The vein most commonly used for venepuncture in the cubital fossa is:,Basilic vein,Cephalic vein,Median cubital vein,Median antebrachial vein,,C,
BRS-P-031,ANATOMY,,Which nerve passes through the foramen ovale?,Mandibular nerve (V3),,,,,A,
BRS-P-032,ANATOMY,,Which cranial nerves pass through the jugular foramen?,"CN IX, X, XI",,,,,A,
BRS-P-033,ANATOMY,,Loss of taste on the anterior 2/3 of the tongue is due to damage to which nerve?,Chorda tympani (CN VII),,,,,A,
BRS-P-034,ANATOMY,,Where is the posterior root ganglion located?,Intervertebral foramen,,,,,A,
BRS-P-035,ANATOMY,,A Baker cyst is located between which structures?,Semimembranosus and medial head of gastrocnemius,,,,,A,
BRS-P-036,ANATOMY,,Which nerve supplies the sensory innervation to the dorsum of the nose?,External nasal branch of anterior ethmoidal nerve,,,,,A,
BRS-P-037,ANATOMY,,Which nerve forms the afferent limb of the gag reflex?,Glossopharyngeal nerve (CN IX),,,,,A,
BRS-P-038,ANATOMY,,Which muscle actively opens the Eustachian tube during swallowing?,Tensor veli palatini,,,,,A,
BRS-P-039,ANATOMY,,What are the contents of the internal acoustic meatus?,"CN VII, CN VIII, and labyrinthine artery",,,,,A,
BRS-P-040,ANATOMY,,What are the vertical boundaries of the parapharyngeal space?,Base of skull to hyoid bone,,,,,A,
BRS-P-041,ANATOMY,,Which nerve is at highest risk of injury during posterior triangle neck surgery?,Accessory nerve (CN XI),,,,,A,
BRS-P-042,ANATOMY,,Superior to spermatic cord?,External oblique,Internal oblique,Transversus,Fascia transversalis,,B,
BRS-P-043,ANATOMY,,Most superficial structure to parotid gland during surgery?,Facial nerve,Parotid fascia + Skin,Stenson duct,Retromandibular vein,,B,
BRS-P-044,ANATOMY,,Hoarseness. Nerve involved?,Vagus,Recurrent laryngeal nerve,Superior laryngeal,Hypoglossal,,B,
BRS-P-045,ANATOMY,,"Loss of thumb + index finger function, sensation intact?",Ulnar,Anterior interosseous branch of Median,Radial,Lower brachial plexus,,B,
BRS-P-046,ANATOMY,,Lateral side of thigh. Nerve?,Femoral,Lateral femoral cutaneous nerve,Sciatic,Obturator,,B,
BRS-P-047,ANATOMY,,Medial side of hand + forearm. Dermatome?,C6,C7,"C8, T1",T2,,C,
BRS-P-048,ANATOMY,,Thumb opposition + abduction. Nerve?,Ulnar,Median nerve,Radial,Musculocutaneous,,B,
BRS-P-049,ANATOMY,,Popliteal fossa damage. Nerve affected?,Femoral,Tibial + Common peroneal,Sciatic trunk,Obturator,,B,
BRS-P-050,ANATOMY,,Nerve supply of dorsum of nose:,Facial nerve,Trigeminal nerve (CN V1 & V2),Glossopharyngeal nerve,Vagus nerve,,B,
BRS-P-051,ANATOMY,,Lateral nasal wall/valve sensory supply is mainly by:,Facial nerve,Trigeminal nerve,Vagus nerve,Glossopharyngeal nerve,,B,
BRS-P-052,ANATOMY,,Efferent limb of gag reflex is carried by:,Trigeminal nerve,Facial nerve,Vagus nerve,Glossopharyngeal nerve,,C,
BRS-P-053,ANATOMY,,Tensor tympani muscle is supplied by:,Facial nerve,Mandibular nerve (CN V3),Glossopharyngeal nerve,Vagus nerve,,B,
BRS-P-054,ANATOMY,,Stapedius muscle is supplied by:,Trigeminal nerve,Facial nerve,Vagus nerve,Accessory nerve,,B,
BRS-P-055,ANATOMY,,General sensation of anterior two-thirds of tongue is carried by:,Glossopharyngeal nerve,Chorda tympani,Lingual nerve,Vagus nerve,,C,
BRS-P-056,ANATOMY,,Taste sensation of anterior two-thirds of tongue is carried by:,Facial nerve via chorda tympani,Glossopharyngeal nerve,Vagus nerve,Hypoglossal nerve,,A,
BRS-P-057,ANATOMY,,Posterior one-third of tongue sensation is supplied by:,Facial nerve,Trigeminal nerve,Glossopharyngeal nerve,Hypoglossal nerve,,C,
BRS-P-058,ANATOMY,,Fracture of cribriform plate causes loss of:,Vision,Hearing,Smell,Taste,,C,
BRS-P-059,ANATOMY,,Olfactory nerve passes through:,Foramen ovale,Jugular foramen,Cribriform plate,Optic canal,,C,
BRS-P-060,ANATOMY,,Which muscle passes between the superior and middle pharyngeal constrictors?,Stylopharyngeus,,,,,A,
BRS-P-061,ANATOMY,,Which artery supplies the anterolateral aspect of the nose?,Anterior ethmoidal artery,,,,,A,
BRS-P-062,ANATOMY,,Which laryngeal muscle is responsible for producing high-pitched sounds by tensing the vocal cords?,Cricothyroid muscle,,,,,A,
BRS-P-063,ANATOMY,,The esophagus begins at the level of the lower border of which cartilage?,Cricoid cartilage (C6 level),,,,,A,
BRS-P-064,ANATOMY,,At what vertebral level is the cricoid cartilage located in an infant?,C4,,,,,A,
BRS-P-065,ANATOMY,,The promontory of the middle ear is formed by the:,Basal turn of the cochlea,,,,,A,
BRS-P-066,ANATOMY,,What is the narrowest part of the adult larynx?,Rima glottidis (vocal cords),,,,,A,
BRS-P-067,ANATOMY,,Which muscles form the floor of the posterior triangle of the neck?,"Splenius capitis, levator scapulae, and scalenes",,,,,A,
BRS-P-068,ANATOMY,,Secretomotor innervation to the salivary glands is provided by which cranial nerves?,CN VII (submandibular/sublingual) and CN IX (parotid),,,,,A,
BRS-P-069,ANATOMY,,Which artery passes behind the external carotid artery (ECA) and beneath the parotid gland?,Ascending pharyngeal artery,Facial artery,Ascending palatine artery,,,A,
BRS-P-070,ANATOMY,,"Injury to the long thoracic nerve results in paralysis of the serratus anterior, clinically presenting as:",Winged scapula,,,,,A,
BRS-P-071,ANESTHESIA,,Spinal anesthesia is given into which space?,Epidural space,Subarachnoid space,Subdural space,Intramuscular space,,B,
BRS-P-072,ANESTHESIA,,What is the approximate blood-gas partition coefficient of Isoflurane?,1.4,,,,,A,
BRS-P-073,ANESTHESIA,,"When pulse oximeter signal quality is poor (high noise-to-signal ratio), it commonly displays:",85%,95%,100%,75%,,A,
BRS-P-074,ANESTHESIA,,"A patient develops sudden shock immediately after induction of anesthesia, before surgery begins. The most likely type of shock is:",Hypovolemic shock,Septic shock,Anaphylactic shock,Neurogenic shock,,C,
BRS-P-075,ANESTHESIA,,Blood-gas partition coefficient of Isoflurane is approximately:,1.4,1.15,2,0.65,,A,
BRS-P-076,ANESTHESIA,,Blood-gas partition coefficient of Sevoflurane is approximately:,1.2,1.4,0.65,2,,C,
BRS-P-077,ANESTHESIA,,Aspiration prophylaxis before elective LSCS includes:,Sodium citrate,PPI,Magnesium hydroxide,,,A,
BRS-P-078,ANESTHESIA,,The main advantage of a Venturi mask is:,Delivers humidified oxygen,Delivers a precise fixed FiO2,Gives the highest oxygen concentration,Provides positive pressure ventilation,,B,
BRS-P-079,ANESTHESIA,,Which property is characteristic of nitrous oxide (N2O)?,Potent muscle relaxant,High blood-gas solubility,Strong analgesic effect with weak anesthetic potency,Causes malignant hyperthermia commonly,,C,
BRS-P-080,ANESTHESIA,,"Which anesthetic has the lowest blood-gas partition coefficient, resulting in the fastest induction and recovery?",Isoflurane,Halothane,Sevoflurane,Desflurane,,D,
BRS-P-081,ANESTHESIA,,What is the safest intubation method for a trauma (RTA) patient with suspected cervical spine injury?,Awake fiberoptic intubation,,,,,A,
BRS-P-082,ANESTHESIA,,What intervention should prevent aspiration in a comatose patient (GCS 7)?,Cuffed endotracheal intubation,,,,,A,
BRS-P-083,BIOCHEMISTRY,,Which of the following is a non-essential amino acid?,Lysine,Alanine,Leucine,Tryptophan,,B,
BRS-P-084,BIOCHEMISTRY,,"A 20-year-old male develops severe muscle cramps, myalgia and dark cola-colored urine after intense exercise. Lactate does not rise during ischemic forearm test. Most likely enzyme deficiency is:",Myophosphorylase,Phosphofructokinase,Debranching enzyme,Acid maltase,,B,
BRS-P-085,BIOCHEMISTRY,,Which vitamin deficiency causes neurological symptoms similar to B12 deficiency but WITHOUT anemia?,Vitamin B1,Vitamin B6 / Pyridoxine,Vitamin B2,Vitamin B3,,B,
BRS-P-086,BIOCHEMISTRY,,Orotic aciduria results from a defect in which metabolic pathway?,Pyrimidine synthesis,,,,,A,
BRS-P-087,BIOCHEMISTRY,,"Patient presents with muscle pain, red urine, and raised CK after strength exercise. Which enzyme is involved?",Muscle glycogen phosphorylase,Pyruvate kinase,Lactate dehydrogenase,,,A,
BRS-P-088,BIOCHEMISTRY,,Which of the following is a non-essential amino acid?,Alanine,,,,,A,
BRS-P-089,BIOCHEMISTRY,,Muscle cramps post-exercise with dark colored urine indicates which enzyme deficiency?,Phosphofructokinase (Tarui disease),,,,,A,
BRS-P-090,BIOCHEMISTRY,,Which vitamin deficiency produces neurological manifestations similar to vitamin B12 deficiency but without megaloblastic anemia?,Vitamin B1,Vitamin B6,Vitamin E,Vitamin D,,C,
BRS-P-091,BIOCHEMISTRY,,A child has megaloblastic anemia with increased urinary orotic acid. The underlying defect is:,Heme synthesis defect,Homocysteine metabolism defect,Hereditary orotic aciduria (UMP synthase deficiency),Purine synthesis defect,,C,
BRS-P-092,BIOCHEMISTRY,,Which pathway is affected in hereditary orotic aciduria?,Purine synthesis,Pyrimidine synthesis,Heme synthesis,Urea cycle,,B,
BRS-P-093,BIOCHEMISTRY,,Orotic aciduria presenting with a urea cycle defect is caused by a deficiency of:,Ornithine transcarbamylase (OTC),,,,,A,
BRS-P-094,BIOCHEMISTRY,,"Exercise, muscle pain, red urine, and elevated CK. What is the diagnosis?",McArdle disease (myophosphorylase deficiency),,,,,A,
BRS-P-095,BIOCHEMISTRY,,Which of the following is considered a non-essential amino acid?,Alanine,,,,,A,
BRS-P-096,BIOCHEMISTRY,,Exercise cramps and dark urine due to Phosphofructokinase (PFK) deficiency is known as:,Tarui disease,,,,,A,
BRS-P-097,BIOCHEMISTRY,,Peripheral neuropathy without megaloblastic anemia is caused by deficiency of:,Vitamin B6 (often isoniazid-induced),,,,,A,
BRS-P-098,BIOCHEMISTRY,,Lesch-Nyhan syndrome is caused by a deficiency of which enzyme?,HGPRT,,,,,A,
BRS-P-099,BIOCHEMISTRY,,Von Gierke disease enzyme deficiency?,Debrancher,Glucose-6-phosphatase,Branching enzyme,Phosphorylase,,B,
BRS-P-100,BIOCHEMISTRY,,Thyroid hormone synthesis involves which amino acid?,Tryptophan,Tyrosine,Phenylalanine,Histidine,,B,
BRS-P-101,BIOCHEMISTRY,,Which fat-soluble vitamin is known for its antioxidant and anti-aging properties?,Vitamin E,,,,,A,
BRS-P-102,BIOSTATISTICS,,A study population is divided into age groups and then randomly selected. This sampling method is:,Stratified random sampling,,,,,A,
BRS-P-103,CARDIOLOGY,,An inferior wall myocardial infarction associated with second-degree AV block most commonly involves which coronary artery?,Left anterior descending artery,Left circumflex artery,Right coronary artery,Posterior interventricular artery,,C,
BRS-P-104,CARDIOLOGY,,"75 P, 35 QRS. Diagnosis?",Sinus bradycardia,3rd degree AV block,2nd degree Mobitz I,2nd degree Mobitz II,,B,
BRS-P-105,CARDIOLOGY,,AV block with QRS after 15-30 sec. Diagnosis?,1st degree,Ventricular escape rhythm,Sinus pause,Mobitz II,,B,
BRS-P-106,CARDIOLOGY,,A patient with a history of heart disease presents with a very low TSH level. What is the most likely cardiac complication?,Atrial fibrillation secondary to hyperthyroidism,,,,,A,
BRS-P-107,CARDIOLOGY,,"ST-segment elevation in ECG leads II, III, and aVF indicates an inferior wall myocardial infarction. Which artery is typically occluded?",Right Coronary Artery (RCA),,,,,A,
BRS-P-108,EMBRYOLOGY,,Renal agenesis most commonly results from failure of development of the:,Metanephric blastema,Ureteric bud,Mesonephric duct only,Pronephros,,B,
BRS-P-109,EMBRYOLOGY,,Cleft lip results from the failure of fusion of which structures?,Maxillary process and medial nasal process,,,,,A,
BRS-P-110,EMBRYOLOGY,,Cleft palate results from the failure of fusion of which structures?,Palatine shelves,,,,,A,
BRS-P-111,EMBRYOLOGY,,Which muscles are derived from the first pharyngeal arch?,"Muscles of mastication, tensor tympani, tensor veli palatini, mylohyoid, anterior digastric",,,,,A,
BRS-P-112,EMBRYOLOGY,,Muscles of facial expression are derived from:,First pharyngeal arch,Second pharyngeal arch,Third pharyngeal arch,Fourth pharyngeal arch,,B,
BRS-P-113,EMBRYOLOGY,,Nerve of second pharyngeal arch is:,CN V3,CN VII,CN IX,CN X,,B,
BRS-P-114,EMBRYOLOGY,,The muscles of the tongue are embryologically derived from:,Occipital myotomes,,,,,A,
BRS-P-115,EMBRYOLOGY,,The stapes and stapedial artery are derivatives of which pharyngeal arch?,Second pharyngeal arch,,,,,A,
BRS-P-116,EMBRYOLOGY,,The frontal sinus embryologically develops from the:,Frontal recess of the middle meatus,,,,,A,
BRS-P-117,ENDOCRINOLOGY,,Suspected diagnosis is pheochromocytoma. The most sensitive diagnostic test is:,24-hour urinary VMA,24-hour urinary fractionated metanephrines,Plasma cortisol,CT abdomen,,B,
BRS-P-118,ENDOCRINOLOGY,,What is the primary autoantibody responsible for Graves disease?,Thyroid-stimulating immunoglobulins (TSI),,,,,A,
BRS-P-119,ENDOCRINOLOGY,,Graves disease is most commonly caused by:,Anti-thyroglobulin antibodies,Anti-thyroid peroxidase antibodies,Thyroid-stimulating immunoglobulins (TSH receptor antibodies),Anti-dsDNA antibodies,,C,
BRS-P-120,ENDOCRINOLOGY,,Painful thyroid enlargement following a viral illness is characteristic of:,Graves disease,Hashimoto thyroiditis,Subacute (de Quervain) thyroiditis,Toxic multinodular goiter,,C,
BRS-P-121,ENDOCRINOLOGY,,Painful enlargement of the thyroid with subsequent hypothyroidism is most consistent with:,Graves disease,Hashimoto thyroiditis,Subacute (de Quervain) thyroiditis,Toxic multinodular goiter,,C,
BRS-P-122,ENDOCRINOLOGY,,Painful goiter followed by hypothyroidism suggests:,Hashimoto thyroiditis (or Subacute thyroiditis depending on full options),,,,,A,
BRS-P-123,ENDOCRINOLOGY,,What is the diagnostic test for an adrenal (suprarenal) mass suspected to be pheochromocytoma?,Urinary VMA (classic) or metanephrines (best/sensitive),,,,,A,
BRS-P-124,ENDOCRINOLOGY,,What is the typical thyroid function test profile for secondary hypothyroidism?,Low TSH and Low free T4,,,,,A,
BRS-P-125,ENDOCRINOLOGY,,"In a patient with Graves disease, what happens to the serum level of Thyroid Stimulating Hormone (TSH)?",Decreased (due to negative feedback from high T3/T4),,,,,A,
BRS-P-126,ENDOCRINOLOGY,,"A patient presents with decreased calcium, increased PTH, increased ALP, and normal/low phosphorus. What is the most likely diagnosis?",Vitamin D deficiency / Osteomalacia,,,,,A,
BRS-P-127,ENT,,Conductive hearing loss results from pathology involving the:,Cochlea,Auditory nerve,External or middle ear,Auditory cortex,,C,
BRS-P-128,ENT,,Sensory nerve supply of dorsum of nose is by:,Infraorbital nerve,External nasal branch of Anterior ethmoidal nerve,Nasociliary nerve,Maxillary nerve,,B,
BRS-P-129,ENT,,The epithelium lining the vestibule of nose is:,Pseudostratified ciliated columnar,Stratified squamous keratinized,Simple cuboidal,Transitional,,B,
BRS-P-130,ENT,,The afferent limb of gag reflex is carried by:,Vagus nerve,Glossopharyngeal nerve,Trigeminal nerve,Accessory nerve,,B,
BRS-P-131,ENT,,The muscle that opens the Eustachian tube during swallowing is:,Tensor tympani,Tensor veli palatini,Levator veli palatini,Salpingopharyngeus,,B,
BRS-P-132,ENT,,Contents of external auditory meatus include:,Ceruminous glands + Hair follicles,Goblet cells,Taste buds,Olfactory receptors,,A,
BRS-P-133,ENT,,Pulsatile swelling in orbit after trauma suggests:,Orbital cellulitis,Carotid-cavernous fistula,Graves ophthalmopathy,Orbital hematoma,,B,
BRS-P-134,ENT,,Cleft lip is due to failure of fusion of:,Maxillary and mandibular processes,Medial nasal process with maxillary process,Palatine shelves,Lateral nasal process,,B,
BRS-P-135,ENT,,Cleft palate is due to failure of fusion of:,Medial nasal processes,Palatine shelves of maxillary processes,Frontonasal process,Mandibular arches,,B,
BRS-P-136,ENT,,Parapharyngeal space is widest at:,Base of skull,Superior mediastinum,Mid pharynx,Hyoid bone,,A,
BRS-P-137,ENT,,Nerve supply of lateral nasal wall is:,Anterior ethmoidal,Anterior and Posterior ethmoidal + Sphenopalatine nerves,Infraorbital,Greater palatine,,B,
BRS-P-138,ENT,,Function of stapedius muscle is:,Tension of tympanic membrane,Dampens loud sounds / Attenuates bone conduction,Opens eustachian tube,Moves ossicles,,B,
BRS-P-139,ENT,,All of the following are derivatives of 1st pharyngeal arch EXCEPT:,Masseter,Stapedius,Temporalis,Lateral pterygoid,,B,
BRS-P-140,ENT,,"After surgery in posterior triangle of neck, patient cannot shrug shoulder. Nerve damaged is:",Dorsal scapular,Accessory nerve CN XI,Long thoracic,Phrenic,,B,
BRS-P-141,ENT,,Depolarization of olfactory receptor cells is caused by:,Influx of Na+ and Ca2+,Efflux of K+,Influx of Cl-,Efflux of Na+,,A,
BRS-P-142,ENT,,"In cystic fibrosis, sodium concentration in saliva is:",Increased,Decreased,Normal,Absent,,A,
BRS-P-143,ENT,,Loss of bitter taste is most commonly due to lesion of:,Facial nerve,Glossopharyngeal nerve,Chorda tympani,Vagus nerve,,B,
BRS-P-144,ENT,,Satiety center in hypothalamus is located in:,Lateral hypothalamic nucleus,Ventromedial nucleus,Supraoptic nucleus,Paraventricular nucleus,,B,
BRS-P-145,ENT,,Apert syndrome is characterized by:,Craniosynostosis + Syndactyly,Cleft lip + Cleft palate,Microcephaly + Mental retardation,Polydactyly + Obesity,,A,
BRS-P-146,ENT,,A patient has a suppurative ear infection and facial palsy but no ataxia. Where is the lesion?,Facial canal lesion,,,,,A,
BRS-P-147,ENT,,Ramsay Hunt syndrome involves reactivation of a virus in which ganglion?,Geniculate ganglion,,,,,A,
BRS-P-148,ENT,,"Facial weakness, drooling, and hyperacusis after head trauma indicates a lesion where?",Facial nerve lesion proximal to stapedius,,,,,A,
BRS-P-149,ENT,,Noise-induced hearing loss (NIHL) initially affects which frequency and cells?,4000 Hz (4 kHz) frequency and Outer hair cells,,,,,A,
BRS-P-150,ENT,,"In noise-induced hearing loss, where is the initial structural damage located?",Basal turn of the cochlea,,,,,A,
BRS-P-151,EPIDEMIOLOGY,,What is the most common cancer in men in Pakistan (excluding prostate)?,Oral cavity carcinoma,,,,,A,
BRS-P-152,ETHICS,,An employer asks about the illness of an employee who is on medical leave. The doctor should maintain:,Beneficence,Justice,Patient confidentiality (Autonomy),Non-maleficence,,C,
BRS-P-153,GASTROENTEROLOGY,,Pain occurring 2–3 hours after meals and at night is characteristic of:,Gastric ulcer,Duodenal ulcer,Acute pancreatitis,Cholecystitis,,B,
BRS-P-154,GASTROENTEROLOGY,,Gold standard investigation for Wilson disease is:,Serum ceruloplasmin,24-hour urinary copper,Liver biopsy with quantitative copper estimation,Slit-lamp examination,,C,
BRS-P-155,GASTROENTEROLOGY,,Elevation of both conjugated and unconjugated bilirubin is most suggestive of:,Hemolytic jaundice,Hepatocellular jaundice,Complete extrahepatic obstruction,Gilbert syndrome,,B,
BRS-P-156,GASTROENTEROLOGY,,What electrolyte abnormality is most commonly caused by persistent vomiting?,Hypokalemia,,,,,A,
BRS-P-157,GASTROENTEROLOGY,,Raised direct and indirect bilirubin together indicates:,Hepatocellular jaundice,,,,,A,
BRS-P-158,GASTROENTEROLOGY,,"Prolonged parenteral nutrition lacks enteral stimulation, leading to atrophic gastritis primarily due to the absence of which trophic hormone?",Gastrin,,,,,A,
BRS-P-159,GENETICS,,Polymerase Chain Reaction (PCR) is primarily used to:,Detect antibodies,Amplify DNA sequences,Detect proteins,Culture microorganisms,,B,
BRS-P-160,GENETICS,,What cellular structures do Barr bodies represent in a female somatic cell?,Inactive X chromosome (Lyonization),,,,,A,
BRS-P-161,GYNECOLOGY,,"A 28-year-old female presents with 6 weeks amenorrhea, severe lower abdominal pain and vaginal spotting. USG shows empty uterus and adnexal mass. Diagnosis is:",Threatened abortion,Ovarian torsion,Ectopic pregnancy,PID,,C,
BRS-P-162,GYNECOLOGY,,"A patient presents with amenorrhea, pain, and bleeding with an empty uterus. Most likely diagnosis:",Ectopic pregnancy,,,,,A,
BRS-P-163,GYNECOLOGY,,What is the most common site for an ectopic pregnancy?,Ampulla of fallopian tube,,,,,A,
BRS-P-164,HEMATOLOGY,,Massive splenomegaly weighing up to 3000 g is classically associated with:,Acute leukemia,Chronic myeloid leukemia (CML),ITP,Hereditary spherocytosis,,B,
BRS-P-165,HEMATOLOGY,,Drug-induced pancytopenia most commonly results in:,Iron deficiency anemia,Aplastic anemia,Hemophilia,Polycythemia vera,,B,
BRS-P-166,HEMATOLOGY,,Massive splenomegaly (weighing ~3 kg) is characteristically seen in:,Chronic Myeloid Leukemia (CML),,,,,A,
BRS-P-167,HEMATOLOGY,,Drug-induced pancytopenia classically results in:,Aplastic anemia,,,,,A,
BRS-P-168,HEMATOLOGY,,Agglutination: Anti-A + Anti-D positive. Which agglutinin in donor blood?,Anti-A,Anti-B,Anti-B + Anti-Rh,None,,C,
BRS-P-169,HEMATOLOGY,,What is the chromosomal translocation associated with Chronic Myeloid Leukemia (CML)?,t(9;22),,,,,A,
BRS-P-170,HEMATOLOGY,,How does citrate function as an anticoagulant in stored blood bags?,Chelates calcium,Binds thrombin,,,,A,
BRS-P-171,HEMATOLOGY,,A patient with Chronic Myeloid Leukemia (CML) presents with joint pain. Which investigation is most appropriate to determine the cause?,Serum uric acid (for secondary gout),Serum calcium,Rheumatoid Factor (RF),ANA,,A,
BRS-P-172,HEMATOLOGY,,What is a classic bone marrow finding in myelodysplastic syndrome (MDS)?,Hypercellular marrow with ring sideroblasts,,,,,A,
BRS-P-173,HEMATOLOGY,,How does the coagulation profile of Disseminated Intravascular Coagulation (DIC) differ from Von Willebrand Disease?,"DIC features elevated PT, low platelets, and elevated D-dimer",,,,,A,
BRS-P-174,HISTOLOGY,,Type II pneumocytes secrete surfactant via which intracellular structures?,Interlamellar canaliculi / lamellar bodies,,,,,A,
BRS-P-175,HISTOLOGY,,What is the histology of the epithelium lining the nasal vestibule?,Keratinized stratified squamous epithelium,,,,,A,
BRS-P-176,HISTOLOGY,,The normal epithelium lining the lower 1/3 of the esophagus is:,Non-keratinized stratified squamous epithelium,,,,,A,
BRS-P-177,IMMUNOLOGY,,MHC Class I molecules present endogenous antigens to which of the following cells?,CD4+ T helper cells,B cells,CD8+ Cytotoxic T cells,NK cells,,C,
BRS-P-178,IMMUNOLOGY,,What is the most specific autoantibody for systemic lupus erythematosus (SLE)?,Anti-dsDNA antibody,,,,,A,
BRS-P-179,IMMUNOLOGY,,Which cytokine is primarily responsible for septic shock in Neisseria meningitidis infection?,TNF-alpha,,,,,A,
BRS-P-180,IMMUNOLOGY,,MHC Class I molecules present endogenous antigens to which cells?,CD8+ Cytotoxic T cells,,,,,A,
BRS-P-181,IMMUNOLOGY,,A baby born to a mother with SLE develops congenital complete heart block. Which maternal antibody is responsible?,Anti-Sm,Anti-dsDNA,Anti-Ro (SSA),Anti-centromere,,C,
BRS-P-182,IMMUNOLOGY,,Hashimoto thyroiditis is most strongly associated with which antibody?,Anti-thyroglobulin,Anti-TSH receptor,Anti-thyroid peroxidase (Anti-TPO),Anti-dsDNA,,C,
BRS-P-183,IMMUNOLOGY,,Which cytokine is primarily responsible for septic shock in Neisseria meningitidis infection?,IL-2,TNF-?,IL-10,IFN-?,,B,
BRS-P-184,IMMUNOLOGY,,Which investigation is the most specific for SLE?,ANA,ESR,Anti-dsDNA antibody,CRP,,C,
BRS-P-185,IMMUNOLOGY,,The most sensitive screening test for systemic lupus erythematosus (SLE) is:,Anti-dsDNA antibody,Anti-Sm antibody,ANA,Complement C3 level,,C,
BRS-P-186,IMMUNOLOGY,,MHC-I molecules present antigens to which type of T cells?,CD8 T cells,,,,,A,
BRS-P-187,IMMUNOLOGY,,What is the primary screening test for SLE?,ANA,,,,,A,
BRS-P-188,IMMUNOLOGY,,Which interleukin is primarily responsible for promoting IgE production and contributing to eosinophil excess in asthma?,IL-13,,,,,A,
BRS-P-189,INFECTIOUS DISEASE,,HIV patient and partner present with similar umbilicated skin lesions. Diagnosis?,Molluscum contagiosum,,,,,A,
BRS-P-190,INFECTIOUS DISEASE,,What is the primary antibiotic treatment for a painless genital ulcer (chancre) appearing after unprotected intercourse?,Penicillin G (for Primary Syphilis),,,,,A,
BRS-P-191,INFECTIOUS DISEASE,,A patient develops severe pneumonia after exposure to a contaminated air conditioner cooling tower. What is the diagnosis and best rapid test?,Legionella pneumophila / Urinary antigen test,,,,,A,
BRS-P-192,MEDICINE,,A patient has a water-hammer pulse with an early diastolic murmur. The diagnosis is:,Mitral regurgitation,Aortic regurgitation,Mitral stenosis,Aortic stenosis,,B,
BRS-P-193,MEDICINE,,The murmur of aortic stenosis is heard during:,Isovolumetric contraction,Ventricular systole (ejection phase),Rapid ventricular filling,Atrial systole,,B,
BRS-P-194,MEDICINE,,Which if normal will rule out PE?,X-ray,ECG,V/Q,D-dimer,,D,
BRS-P-195,MICROBIOLOGY,,Plague is transmitted from rats to humans primarily by:,Direct contact with rat urine,Inhalation of rat droppings,Bite of infected rat flea,Ingestion of contaminated food,,C,
BRS-P-196,MICROBIOLOGY,,What structural feature differentiates Gram-negative bacteria from Gram-positive?,Outer membrane containing lipopolysaccharide (LPS),,,,,A,
BRS-P-197,MICROBIOLOGY,,What structural feature differentiates Gram-positive bacteria from Gram-negative?,Thick peptidoglycan layer and teichoic acids,,,,,A,
BRS-P-198,MICROBIOLOGY,,A UTI organism showing swarming motility is:,Escherichia coli,Proteus mirabilis,Klebsiella pneumoniae,Enterococcus faecalis,,B,
BRS-P-199,MICROBIOLOGY,,Which organism characteristically demonstrates swarming motility on culture?,Escherichia coli,Proteus mirabilis,Klebsiella pneumoniae,Enterobacter cloacae,,B,
BRS-P-200,MICROBIOLOGY,,Gram-negative bacteria differ from Gram-positive bacteria because they possess:,Thick peptidoglycan layer,Teichoic acid,Outer membrane containing lipopolysaccharide (LPS),No periplasmic space,,C,
BRS-P-201,MICROBIOLOGY,,What structural feature characterizes the cell wall of Gram-negative bacteria?,Outer membrane with Lipopolysaccharide (LPS),,,,,A,
BRS-P-202,MICROBIOLOGY,,"A farmer presents with fever, a discharging chest sinus, and multiple lung infiltrates. Diagnosis?",Actinomyces israelii,,,,,A,
BRS-P-203,MICROBIOLOGY,,A fungal infection showing pseudohyphae on microscopy is characteristic of:,Candida albicans,,,,,A,
BRS-P-204,MICROBIOLOGY,,What is the mechanism of action of Diphtheria toxin?,Inhibits protein synthesis by ADP-ribosylation of Elongation Factor-2 (EF-2),,,,,A,
BRS-P-205,MICROBIOLOGY,,A patient presents with fever and a sore throat. What is the most common bacterial cause?,Streptococcus pyogenes (Group A Strep),,,,,A,
BRS-P-206,MICROBIOLOGY,,"A patient presents with fever, weight loss, and blood-streaked sputum. Most likely organism?",Mycobacterium tuberculosis,,,,,A,
BRS-P-207,MICROBIOLOGY,,Which group of bacteria naturally lacks a cell wall and does not Gram stain?,Mycoplasma species,,,,,A,
BRS-P-208,MICROBIOLOGY,,Which organism causing bacterial vaginosis is classically described as Gram-variable (staining both slightly positive and negative)?,Gardnerella vaginalis,,,,,A,
BRS-P-209,NEPHROLOGY,,Hemodialysis patient with K? 6.2. What food should be avoided?,Mangoes,,,,,A,
BRS-P-210,NEPHROLOGY,,How is Prerenal acute kidney injury differentiated from ATN using fractional excretion of urea (FEUrea)?,FEUrea < 35% (or 20% depending on options) indicates prerenal,,,,,A,
BRS-P-211,NEPHROLOGY,,"An SLE patient presents with hematuria, hypertension, and heavy urinary protein (+++). What is the diagnosis?",Lupus nephritis,,,,,A,
BRS-P-212,NEUROANATOMY,,Sensation of vibration and proprioception is carried by which tract?,Spinothalamic tract,Dorsal column - Medial lemniscus pathway,Corticospinal tract,Rubrospinal tract,,B,
BRS-P-213,NEUROANATOMY,,"A patient loses facial expressions on one entire side of the face. If the lesion is nuclear, where is it located?",Pons,,,,,A,
BRS-P-214,NEUROANATOMY,,"In a hemisection of the spinal cord (Brown-Séquard syndrome), damage to which tract causes ipsilateral Upper Motor Neuron (UMN) signs?",Lateral corticospinal tract,Anterior horn,,,,A,
BRS-P-215,NEUROANATOMY,,Which sensory modalities accompany taste fibers to the Ventral Posteromedial (VPM) nucleus of the thalamus?,"Facial touch, pressure, and vibration",,,,,A,
BRS-P-216,NEUROANATOMY,,A patient presents with decreased sensation on the medial side of the arm and difficulty in pronation and interphalangeal joint flexion. Which structures are injured?,Medial cord of brachial plexus / Median and Ulnar nerves,,,,,A,
BRS-P-217,NEUROANATOMY,,A patient presenting with bitemporal hemianopia most likely has a lesion compressing the:,"Optic chiasm (e.g., Pituitary adenoma)",,,,,A,
BRS-P-218,NEUROLOGY,,A 55 year old patient presented with abrupt onset of facial drooping and one sided weakness while watching tv. Diagnosis?,TIA,Cerebral hemorrhage,SAH,Cerebral infarction,,D,
BRS-P-219,NEUROLOGY,,What type of gait is classically seen in bilateral proximal muscle weakness?,Waddling gait,,,,,A,
BRS-P-220,NEUROLOGY,,Brown-Séquard syndrome causes ipsilateral motor loss due to involvement of the:,Spinothalamic tract,Dorsal column,Lateral corticospinal tract,Spinocerebellar tract,,C,
BRS-P-221,NEUROLOGY,,The major inhibitory neurotransmitter within the basal ganglia is:,Dopamine,Glutamate,GABA,Serotonin,,C,
BRS-P-222,NEUROLOGY,,The direct motor pathway of the basal ganglia primarily facilitates:,Muscle atrophy,Initiation of voluntary movement,Pain sensation,Muscle relaxation during sleep,,B,
BRS-P-223,NEUROLOGY,,Trendelenburg gait is most commonly caused by injury to the:,Inferior gluteal nerve,Superior gluteal nerve,Femoral nerve,Sciatic nerve,,B,
BRS-P-224,NEUROLOGY,,Waddling gait is classically seen in:,Cerebellar disease,Bilateral hip abductor weakness or proximal myopathy,Parkinson disease,Common peroneal nerve injury,,B,
BRS-P-225,NEUROLOGY,,The primary neurotransmitter of the nigrostriatal pathway is:,Serotonin,Dopamine,Acetylcholine,Glutamate,,B,
BRS-P-226,NEUROLOGY,,Trendelenburg gait is caused by weakness of:,Gluteus maximus,Gluteus medius and minimus,Hamstrings,Iliopsoas,,B,
BRS-P-227,NEUROLOGY,,Waddling gait is typically seen in:,Parkinson disease,Bilateral proximal muscle weakness (myopathy),Cerebellar lesions,Common peroneal nerve injury,,B,
BRS-P-228,NEUROLOGY,,A 55-year-old presents with sudden facial droop and unilateral weakness while watching TV. Diagnosis?,Cerebral infarction,,,,,A,
BRS-P-229,NEUROLOGY,,Superior gluteal nerve injury results in what abnormal gait?,Trendelenburg gait,,,,,A,
BRS-P-230,NEUROLOGY,,Loss of bitter taste indicates damage to which cranial nerve?,Glossopharyngeal nerve (CN IX),,,,,A,
BRS-P-231,NEUROLOGY,,Motor loss. Which part of internal capsule?,Anterior limb,Genu,Posterior limb,Retrolentiform,,C,
BRS-P-232,NEUROLOGY,,Hemisection of spinal cord. Finding?,Ipsilateral pain loss,"Ipsilateral motor + proprioception loss, contralateral pain/temp loss",Bilateral loss,Only sensory loss,,B,
BRS-P-233,NEUROLOGY,,"If the tongue deviates to the right upon protrusion, which nerve is injured?",Right Hypoglossal nerve (CN XII),,,,,A,
BRS-P-234,NEUROLOGY,,"Akathisia, dyskinesia, and tremors are associated with pathology in which part of the brain?",Basal ganglia (Substantia nigra),,,,,A,
BRS-P-235,NEUROLOGY,,Occlusion of which artery causes Lower Motor Neuron (LMN) signs at the level of the lesion and Upper Motor Neuron (UMN) signs below it?,Anterior spinal artery,,,,,A,
BRS-P-236,OBSTETRICS,,Injury to which nerve during vaginal delivery may lead to fecal (stool) incontinence?,Femoral nerve,Obturator nerve,Pudendal nerve,Sciatic nerve,,C,
BRS-P-237,OBSTETRICS,,Stool incontinence following a normal vaginal delivery (SVD) indicates injury to which nerve?,Pudendal nerve,,,,,A,
BRS-P-238,OPHTHALMOLOGY,,What is the primary function of the retinal pigment epithelium?,Absorbs scattered light and phagocytoses photoreceptor outer segments,,,,,A,
BRS-P-239,ORTHOPEDICS,,Housemaid’s knee is caused by inflammation of which bursa?,Prepatellar bursa,,,,,A,
BRS-P-240,ORTHOPEDICS,,A distal radius fracture with dorsal displacement is known as:,Colles fracture,,,,,A,
BRS-P-241,ORTHOPEDICS,,Posterior dislocation of the femur/hip commonly injures which nerve?,Sciatic nerve,,,,,A,
BRS-P-242,ORTHOPEDICS,,Which bursa is affected in Housemaid’s knee?,Suprapatellar bursa,Prepatellar bursa,Infrapatellar bursa,Semimembranosus bursa,,B,
BRS-P-243,ORTHOPEDICS,,Posterior dislocation of the hip most commonly injures which nerve?,Femoral nerve,Obturator nerve,Sciatic nerve,Pudendal nerve,,C,
BRS-P-244,ORTHOPEDICS,,Tennis elbow most commonly involves:,Flexor carpi radialis tendon,Common extensor tendon (Extensor carpi radialis brevis),Triceps tendon,Biceps tendon,,B,
BRS-P-245,ORTHOPEDICS,,Posterior hip dislocation commonly injures which nerve?,Sciatic nerve,,,,,A,
BRS-P-246,PATHOLOGY,,"A 60-year-old male presents with bone pain, anemia, and recurrent infections. Serum protein electrophoresis shows a sharp monoclonal peak. This ""M spike"" is most commonly due to:",Waldenström macroglobulinemia,Multiple myeloma,Lymphoma,Chronic lymphocytic leukemia,,B,
BRS-P-247,PATHOLOGY,,"On autopsy, the liver of a chronic alcoholic patient is yellow, greasy, and enlarged. This is due to:",Hepatic steatosis / Fatty liver,Hepatic necrosis,Hepatic fibrosis,Hepatic cirrhosis,,A,
BRS-P-248,PATHOLOGY,,PAS stain is primarily used to detect:,Bacteria,Viruses,Fungi and Glycogen,Mycobacteria,,C,
BRS-P-249,PATHOLOGY,,Gastric MALT lymphoma is most commonly associated with infection by:,Helicobacter pylori,Epstein-Barr virus,Campylobacter jejuni,Salmonella typhi,,A,
BRS-P-250,PATHOLOGY,,What is the classic skin manifestation of Tuberous Sclerosis?,Ash-leaf hypopigmented macules,,,,,A,
BRS-P-251,PATHOLOGY,,"In G6PD deficiency, what are Heinz bodies composed of?",Oxidized and denatured hemoglobin,,,,,A,
BRS-P-252,PATHOLOGY,,Is hyperemia an active or passive pathological process?,Active arteriolar dilatation,,,,,A,
BRS-P-253,PATHOLOGY,,Hyperemia is best defined as:,Passive venous congestion,Active arteriolar dilatation causing increased blood flow,Venous thrombosis,Lymphatic obstruction,,B,
BRS-P-254,PATHOLOGY,,The tumor marker of medullary thyroid carcinoma is:,Thyroglobulin,Calcitonin,CEA only,TSH,,B,
BRS-P-255,PATHOLOGY,,"After limb immobilization in a plaster cast for two weeks, muscle weakness develops due to:",Nerve denervation,Disuse atrophy,Muscle necrosis,Loss of neuromuscular junctions,,B,
BRS-P-256,PATHOLOGY,,Carbuncle at the nape of the neck is an example of:,Serous inflammation,Suppurative (purulent) inflammation,Granulomatous inflammation,Fibrinous inflammation,,B,
BRS-P-257,PATHOLOGY,,Liquefactive necrosis is classically seen in:,Heart,Brain,Kidney,Liver,,B,
BRS-P-258,PATHOLOGY,,The BCL-2 oncogene promotes lymphoma by:,Increasing mitosis,Activating p53,Inhibiting apoptosis by preventing cytochrome c release,Stimulating DNA repair,,C,
BRS-P-259,PATHOLOGY,,"In G6PD deficiency, Heinz bodies are formed due to:",Iron deposition,Oxidized and denatured hemoglobin,DNA fragments,Howell-Jolly bodies,,B,
BRS-P-260,PATHOLOGY,,Which pathological process best describes hyperemia?,Passive venous congestion,Active arteriolar dilatation with increased blood flow,Lymphatic obstruction,Venous thrombosis,,B,
BRS-P-261,PATHOLOGY,,Heinz bodies are a characteristic finding in:,Hereditary spherocytosis,G6PD deficiency,Thalassemia major,Iron deficiency anemia,,B,
BRS-P-262,PATHOLOGY,,Fanconi syndrome primarily affects which part of the nephron?,Loop of Henle,Distal convoluted tubule,Proximal convoluted tubule,Collecting duct,,C,
BRS-P-263,PATHOLOGY,,"In IgA nephropathy, immune complexes are primarily removed by:",Podocytes,Mesangial cells,Endothelial cells,Neutrophils,,B,
BRS-P-264,PATHOLOGY,,Hyperemia is defined as:,Passive venous congestion,Active arteriolar dilatation resulting in increased blood flow,Venous thrombosis,Lymphatic obstruction,,B,
BRS-P-265,PATHOLOGY,,G6PD deficiency is characterized by which type of hemolysis and cellular inclusion?,Mainly intravascular hemolysis and Heinz bodies,,,,,A,
BRS-P-266,PATHOLOGY,,Is hyperemia considered an active or passive pathological process?,Active process,,,,,A,
BRS-P-267,PATHOLOGY,,"In IgA nephropathy, which cells are responsible for clearing the immune deposits?",Mesangial cells,,,,,A,
BRS-P-268,PATHOLOGY,,What is the characteristic sweat finding used to diagnose cystic fibrosis?,High sweat chloride (and sodium),,,,,A,
BRS-P-269,PATHOLOGY,,Alport syndrome is characterized by a genetic defect in:,Type IV collagen,,,,,A,
BRS-P-270,PATHOLOGY,,Ewing sarcoma translocation?,t(9;22),t(11;22),t(8;14),t(15;17),,B,
BRS-P-271,PATHOLOGY,,IgA nephropathy - cells involved?,Podocytes,Mesangial cells,Endothelial,Tubular,,B,
BRS-P-272,PATHOLOGY,,Viruses cause cell injury by?,Pore formation,Direct cytotoxicity + Immune mediated,Toxin release,Cell wall damage,,B,
BRS-P-273,PATHOLOGY,,Fever + rash + mediastinal widening on X-ray?,TB,Lymphoma / Hodgkin,Histoplasmosis,Sarcoidosis,,B,
BRS-P-274,PATHOLOGY,,"Testicular pain 2 hours, orchidectomy. Neutrophils + fibrin. Diagnosis?",Torsion,Fibrinous necrosis,Gangrenous necrosis,Coagulative necrosis,,B,
BRS-P-275,PATHOLOGY,,Carbon laden macrophages seen in?,Lung,Lymph nodes,Liver,Spleen,,B,
BRS-P-276,PATHOLOGY,,How dysplasia differs from malignancy?,?N:C ratio,No invasion/metastasis,Pleomorphism,Hyperchromasia,,B,
BRS-P-277,PATHOLOGY,,Spider nevi + skin darkening?,Autoimmune hepatitis,Hemochromatosis,Wilson,PBC,,B,
BRS-P-278,PATHOLOGY,,Living by river. Drug for parasite?,Albendazole,Praziquantel,Metronidazole,Ivermectin,,B,
BRS-P-279,PATHOLOGY,,"ZN -ve, slight response to H2SO4. Organism?",TB,Nocardia,Actinomyces,Fungus,,B,
BRS-P-280,PATHOLOGY,,Murphy sign positive. Epithelium of involved structure has?,Cilia,Microvilli,Goblet cells,Keratin,,B,
BRS-P-281,PATHOLOGY,,Foam cells found in atherosclerotic plaques are primarily derived from:,Macrophages,,,,,A,
BRS-P-282,PATHOLOGY,,Which of the following is a classic example of a tumor suppressor gene?,p53 / Rb / APC,,,,,A,
BRS-P-283,PEDIATRICS,,A newborn has not passed meconium in 48 hours and has abdominal distension. Rectal biopsy shows absence of ganglion cells. Diagnosis is:,Hirschsprung disease,Aganglionic megacolon / Hirschsprung disease,Meconium ileus,Intestinal atresia,,B,
BRS-P-284,PEDIATRICS,,"Micrognathia, glossoptosis, and cleft palate are characteristic of:",Pierre Robin sequence,,,,,A,
BRS-P-285,PHARMACOLOGY,,"A patient with cirrhosis had variceal bleeding. Managed with terlipressin and band ligation. For secondary prophylaxis of rebleeding, which drug should be started next?",Octreotide,Nitroglycerin,Propranolol,Omeprazole,,C,
BRS-P-286,PHARMACOLOGY,,What is the mechanism of action of protamine sulphate?,Forms a stable inactive complex with heparin,,,,,A,
BRS-P-287,PHARMACOLOGY,,What drug is administered to enhance the elimination of Leflunomide from the blood?,Cholestyramine,,,,,A,
BRS-P-288,PHARMACOLOGY,,Which antibiotic is commonly used to treat Pseudomonas aeruginosa infections?,Piperacillin-Tazobactam,,,,,A,
BRS-P-289,PHARMACOLOGY,,Which drug is given for secondary prophylaxis after terlipressin and band ligation in a variceal bleed?,Propranolol,,,,,A,
BRS-P-290,PHARMACOLOGY,,A patient with rusty sputum pneumonia is allergic to penicillin. The best alternative treatment is:,Ciprofloxacin,Cefixime,"Macrolide (e.g., Azithromycin/Clarithromycin)",Ampicillin,,C,
BRS-P-291,PHARMACOLOGY,,A patient overdoses on multiple tablets including paracetamol and later develops abdominal pain. Which drug is most likely responsible for hepatotoxicity?,Tramadol,Ibuprofen,Paracetamol,Combination tablets only,,C,
BRS-P-292,PHARMACOLOGY,,Which antihypertensive commonly causes postural hypotension in elderly patients?,Prazosin,Atorvastatin,Allopurinol,Aspirin,,A,
BRS-P-293,PHARMACOLOGY,,Which drug is commonly used to reduce raised intracranial pressure?,Furosemide,Mannitol,Hydrochlorothiazide,Acetazolamide,,B,
BRS-P-294,PHARMACOLOGY,,An oral ulcer caused by anaerobic bacteria is best treated with:,Ciprofloxacin,Metronidazole,Amoxicillin,Ceftriaxone,,B,
BRS-P-295,PHARMACOLOGY,,Blood pressure rises during anesthesia in a non-pregnant female. Which drug is preferred?,Metoprolol,Hydralazine,Glyceryl trinitrate (GTN),,,C,
BRS-P-296,PHARMACOLOGY,,Which drug commonly causes reflex tachycardia at therapeutic doses?,Isosorbide dinitrate,Propranolol,,,,A,
BRS-P-297,PHARMACOLOGY,,A pregnant obese woman has severe GERD. Which medication is most appropriate to reduce reflux?,Proton pump inhibitor (PPI),Oral sodium citrate,IV ranitidine,,,A,
BRS-P-298,PHARMACOLOGY,,Succinylcholine is contraindicated because of hyperkalemia risk. Which alternative neuromuscular blocker is preferred?,Rocuronium,Vecuronium,Atracurium,,,A,
BRS-P-299,PHARMACOLOGY,,The most commonly prescribed diuretic in clinical practice is:,Thiazide diuretic,Spironolactone,Loop diuretic,,,A,
BRS-P-300,PHARMACOLOGY,,Thiazide diuretics act primarily on the:,Proximal convoluted tubule,Loop of Henle,Distal convoluted tubule,Collecting duct,,C,
BRS-P-301,PHARMACOLOGY,,Which nerve fibers are blocked first by local anesthetics?,A fibers,B fibers,C fibers,,,B,
BRS-P-302,PHARMACOLOGY,,An important adjuvant drug in thyroid storm is:,PTU,Propranolol,,,,B,
BRS-P-303,PHARMACOLOGY,,Which drug is NOT effectively administered through an endotracheal tube (NAVEL mnemonic)?,Naloxone,Atropine,Vasopressin,Lidocaine,,C,
BRS-P-304,PHARMACOLOGY,,Diphenoxylate controls diarrhea by:,Increasing intestinal secretion,Stimulating bowel motility,Activating opioid receptors to reduce intestinal motility,Neutralizing bacterial toxins,,C,
BRS-P-305,PHARMACOLOGY,,Heparin toxicity is reversed with:,Vitamin K,Protamine sulfate,Fresh frozen plasma,Tranexamic acid,,B,
BRS-P-306,PHARMACOLOGY,,The intensive phase of standard anti-tuberculosis therapy consists of:,Isoniazid + Rifampicin,Rifampicin + Ethambutol + Streptomycin,Rifampicin + Isoniazid + Pyrazinamide + Ethambutol (RIPE),Isoniazid + Ethambutol only,,C,
BRS-P-307,PHARMACOLOGY,,Which drug is used to enhance elimination of Leflunomide in toxicity?,Folic acid,Methotrexate,Cholestyramine,Mesna,,C,
BRS-P-308,PHARMACOLOGY,,Which antibiotic has reliable activity against Pseudomonas aeruginosa?,Amoxicillin,Cefuroxime,Piperacillin–Tazobactam,Cephalexin,,C,
BRS-P-309,PHARMACOLOGY,,Which adverse effect is most characteristic of aspirin?,Nephrotoxicity,Gastric ulceration and gastrointestinal bleeding,Gingival hyperplasia,Hyperglycemia,,B,
BRS-P-310,PHARMACOLOGY,,Which adverse effect is classically associated with heparin therapy?,Stevens–Johnson syndrome,Heparin-induced thrombocytopenia (HIT),Pulmonary fibrosis,Agranulocytosis,,B,
BRS-P-311,PHARMACOLOGY,,Which cephalosporin is specifically indicated for Pseudomonas infections?,Ceftazidime,,,,,A,
BRS-P-312,PHARMACOLOGY,,A tennis player receives IV opioids and then develops abdominal pain and an ileus. What is the mechanism?,Inhibition of enteric neurons leading to decreased GI motility,,,,,A,
BRS-P-313,PHARMACOLOGY,,What drug is given after terlipressin and band ligation for variceal bleed prophylaxis?,Propranolol,,,,,A,
BRS-P-314,PHARMACOLOGY,,What drug is used for Leflunomide toxicity or washout in pregnancy?,Cholestyramine,,,,,A,
BRS-P-315,PHARMACOLOGY,,What is the first-line medical treatment for stable SVT?,Adenosine,,,,,A,
BRS-P-316,PHARMACOLOGY,,What is the primary medical treatment for stable VT?,Amiodarone,,,,,A,
BRS-P-317,PHARMACOLOGY,,What is the treatment for VT associated with ischemic heart disease (IHD)?,Lidocaine,,,,,A,
BRS-P-318,PHARMACOLOGY,,What is the specific antidote for heparin toxicity?,Protamine sulfate,,,,,A,
BRS-P-319,PHARMACOLOGY,,What is the mechanism of action of Protamine sulfate?,Directly binds and neutralizes heparin,,,,,A,
BRS-P-320,PHARMACOLOGY,,"What is the antidote for a Paracetamol overdose (?8 g+) presenting with nausea, vomiting, and abdominal pain?",N-acetylcysteine,,,,,A,
BRS-P-321,PHARMACOLOGY,,"A drug starting with ""D"" for diarrhea and abdominal cramps that decreases GI motility:",Dicyclomine / Diphenoxylate,,,,,A,
BRS-P-322,PHARMACOLOGY,,Which antibiotic is used for elective surgery prophylaxis in a patient with a penicillin allergy?,Clindamycin,,,,,A,
BRS-P-323,PHARMACOLOGY,,What is the mechanism of action of Hydroxyurea?,Ribonucleotide reductase inhibition,,,,,A,
BRS-P-324,PHARMACOLOGY,,What is the drug of choice for a Streptococcus pneumoniae infection?,Amoxicillin,,,,,A,
BRS-P-325,PHARMACOLOGY,,Bronchitis patient taking ammonium chloride for 6 months. What will happen?,Metabolic alkalosis,Respiratory acidosis,Metabolic acidosis,Respiratory alkalosis,No effect,C,
BRS-P-326,PHARMACOLOGY,,Hypercalcemia drug?,Furosemide,Thiazide diuretics,Beta blocker,ACE inhibitor,,B,
BRS-P-327,PHARMACOLOGY,,Penicillin resistance. Next drug?,Amoxicillin,Vancomycin,Clindamycin,Azithromycin,,B,
BRS-P-328,PHARMACOLOGY,,"If GFR <40, dose of which TB drug to be adjusted?",Rifabutin,Rifampicin,Isoniazid,Pyrazinamide,,D,
BRS-P-329,PHARMACOLOGY,,30 weeks pregnant - PTU or Methimazole?,Methimazole,PTU,Both,None,,B,
BRS-P-330,PHARMACOLOGY,,Anaphylactic reaction treatment?,Antihistamine,Steroids,IM Epinephrine,Salbutamol,,C,
BRS-P-331,PHARMACOLOGY,,Drug of choice for Gram-positive diplococci (Strep pneumo) and chains (Strep pyogenes):,Penicillin / Amoxicillin,,,,,A,
BRS-P-332,PHARMACOLOGY,,Which chemotherapeutic agent classically causes peripheral neuropathy and limb weakness?,Vincristine,,,,,A,
BRS-P-333,PHARMACOLOGY,,A patient develops perioral numbness and confusion after repeated lidocaine injections during septoplasty. Diagnosis?,Local Anesthetic Systemic Toxicity (LAST),,,,,A,
BRS-P-334,PHARMACOLOGY,,Which drug can be added to Levodopa/Carbidopa therapy in Parkinson's disease to inhibit peripheral COMT and prevent levodopa breakdown?,Entacapone,,,,,A,
BRS-P-335,PHYSICS,,Oxygen flow through an orifice is:,Directly proportional to pressure difference,Directly proportional to the square root of pressure difference,Dependent only on oxygen concentration,Independent of pressure,,B,
BRS-P-336,PHYSIOLOGY,,What is the primary physiological function of Vitamin D?,Increases intestinal absorption of calcium and phosphate,,,,,A,
BRS-P-337,PHYSIOLOGY,,What is the major neurotransmitter of the nigrostriatal pathway in the basal ganglia?,Dopamine,,,,,A,
BRS-P-338,PHYSIOLOGY,,Persistent vomiting most commonly causes:,Metabolic acidosis,Hyperkalemia,Hypochloremic metabolic alkalosis,Respiratory alkalosis,,C,
BRS-P-339,PHYSIOLOGY,,"During the last trimester of pregnancy, which respiratory parameter increases?",Respiratory rate,Arterial PCO2,Vital capacity,Tidal volume,,D,
BRS-P-340,PHYSIOLOGY,,Liddle syndrome is caused by mutation of which transporter?,Na+/K+ ATPase,ENaC (Epithelial sodium channel),NKCC2 cotransporter,NCC cotransporter,,B,
BRS-P-341,PHYSIOLOGY,,Trendelenburg position primarily increases:,Functional residual capacity (FRC),Venous return (preload),Residual volume,Dead space ventilation,,B,
BRS-P-342,PHYSIOLOGY,,Vitamin D primarily increases:,Potassium absorption,Calcium and phosphate absorption from the intestine,Sodium absorption,Iron absorption,,B,
BRS-P-343,PHYSIOLOGY,,"After drinking a large volume of water, which hormone secretion decreases?",Aldosterone,ADH (Vasopressin),Renin,Cortisol,,B,
BRS-P-344,PHYSIOLOGY,,The principal action of vitamin D is to:,Increase iron absorption,Increase intestinal absorption of calcium and phosphate,Increase potassium absorption,Increase sodium absorption,,B,
BRS-P-345,PHYSIOLOGY,,"Calculate Expiratory Reserve Volume (ERV) given Vital Capacity (VC) = 6000mL, Inspiratory Reserve Volume (IRV) = 2500mL, and Tidal Volume (TV) = 500mL.",3000 mL (VC = IRV + TV + ERV),,,,,A,
BRS-P-346,PHYSIOLOGY,,What hormonal change occurs when an athlete rapidly drinks 1 L of water?,Decreased ADH,,,,,A,
BRS-P-347,PHYSIOLOGY,,Liddle syndrome is caused by a mutation resulting in:,ENaC gain-of-function,,,,,A,
BRS-P-348,PHYSIOLOGY,,What is the characteristic physiological state of the upper lung zones?,High V/Q ratio,,,,,A,
BRS-P-349,PHYSIOLOGY,,What is the primary function of the stapedius muscle?,Dampens loud sounds,,,,,A,
BRS-P-350,PHYSIOLOGY,,Olfactory receptor cell depolarization is caused by:,Na?/Ca²? influx via cAMP channels,,,,,A,
BRS-P-351,PHYSIOLOGY,,Where is the satiety center located in the brain?,Ventromedial hypothalamus,,,,,A,
BRS-P-352,PHYSIOLOGY,,In pulmonary embolism what happens?,V/Q ratio zero,V/Q ratio increased,PO2 alveolar equals inspired air,Both A and C,,B,
BRS-P-353,PHYSIOLOGY,,Central chemoreceptors respond to?,CSF pH ?,?PCO2 in arterial blood,?PO2,?pH in blood,,B,
BRS-P-354,PHYSIOLOGY,,Effect of vagotomy on GIT?,?Motility + ?Acid secretion,?Motility + ?Acid secretion,?Motility + ?Acid,No effect,,B,
BRS-P-355,PHYSIOLOGY,,Patient has nausea + ?K. Which hormone will be released?,ADH,Renin,Aldosterone,Cortisol,,C,
BRS-P-356,PHYSIOLOGY,,Renin is inhibited by?,?NaCl in DCT,"?BP, ?NaCl, Ang II",Prostaglandins,Sympathetic stimulation,,B,
BRS-P-357,PHYSIOLOGY,,Hypotonic fluid reabsorbed in which part of nephron?,PCT,Ascending limb of Loop of Henle,DCT,Collecting duct,,B,
BRS-P-358,PHYSIOLOGY,,Feeding center inhibited by?,Lateral hypothalamus,Ventromedial hypothalamus,Supraoptic,Paraventricular,,B,
BRS-P-359,PHYSIOLOGY,,"Running, core temp 40°C. Increased sweating by?",Pre-ganglionic sympathetic cholinergic,Post-ganglionic sympathetic cholinergic,Epinephrine,Norepinephrine,,B,
BRS-P-360,PHYSIOLOGY,,The parasympathetic nervous system controls which aspect of the male sexual response?,Erection,Ejaculation,,,,A,
BRS-P-361,PHYSIOLOGY,,What is the afferent limb of the cough reflex?,Vagus nerve (CN X),,,,,A,
BRS-P-362,PHYSIOLOGY,,What is the afferent limb of the sneeze reflex?,Trigeminal nerve (CN V),,,,,A,
BRS-P-363,PHYSIOLOGY,,"When changing from upright to supine, what happens to the blood flow in the upper lung zones?",Pulmonary arterial pressure becomes greater than alveolar pressure (Zone 1 becomes Zone 2/3),,,,,A,
BRS-P-364,PHYSIOLOGY,,What is the normal rate of nasociliary hair movement (mucociliary clearance)?,10 to 15 beats per second (Hz),,,,,A,
BRS-P-365,PHYSIOLOGY,,Ejaculation is primarily mediated by which branch of the nervous system?,Sympathetic nervous system,,,,,A,
BRS-P-366,PHYSIOLOGY,,Which part of the brain is primarily responsible for motor learning and the coordination of voluntary movements?,Cerebellum,,,,,A,
BRS-P-367,PSYCHIATRY,,A patient with resistant depression presents with an electrolyte imbalance. What is a likely cause based on lab error or medication?,Fictitious hyperkalemia (Pseudohyperkalemia),Renal amyloidosis,,,,A,
BRS-P-368,PULMONOLOGY,,Recurrent CVAs and wedge-shaped pleural hemorrhage indicate what pathology in the pulmonary vessels?,Thromboembolism,Vasculitis,Fat embolism,,,A,
BRS-P-369,RADIOLOGY,,Mammography is mainly used for detection of:,Fibroadenoma,Breast carcinoma,Mastitis,Abscess,,B,
BRS-P-370,RADIOLOGY,,Investigation of choice for gallstones:,CT Scan,MRI,Ultrasound,X-ray,,C,
BRS-P-371,RADIOLOGY,,Ultrasound is preferred in pregnancy because it uses:,Sound waves,,,,,A,
BRS-P-372,RADIOLOGY,,Investigation of choice for suspected pulmonary embolism?,Chest X-ray,CT Pulmonary Angiography,MRI Chest,Ultrasound,,B,
BRS-P-373,RADIOLOGY,,The extent of tissue damage by ionizing radiation depends on all of the following EXCEPT:,Duration of exposure,Type of tissue exposed,Type of ionizing radiation,Age of the patient,,D,
BRS-P-374,RADIOLOGY,,MRI is the investigation of choice for:,Meniscal tear only,Rotator cuff tear,Clavicle fracture,Shoulder dislocation,,B,
BRS-P-375,RADIOLOGY,,The extent of ionizing radiation damage depends mainly on:,Tissue radiosensitivity,,,,,A,
BRS-P-376,RHEUMATOLOGY,,The first investigation for suspected acute gout involving the great toe is:,X-ray foot,Serum uric acid level,Synovial fluid aspiration and crystal analysis,CT scan,,C,
BRS-P-377,RHEUMATOLOGY,,What is the first step in managing an acute swollen great toe?,Joint aspiration,,,,,A,
BRS-P-378,SURGERY,,A female presents with a swelling lateral to pubic tubercle which becomes strangulated. This is most likely:,Inguinal hernia,Femoral hernia,Umbilical hernia,Obturator hernia,,B,
BRS-P-379,SURGERY,,A female presents with a painful strangulated swelling lateral to the pubic tubercle. The diagnosis is:,Direct inguinal hernia,Indirect inguinal hernia,Femoral hernia,Obturator hernia,,C,
BRS-P-380,SURGERY,,Diathermy burn after removal of the grounding pad is most commonly due to:,High current,Ineffective grounding/contact of the return electrode,Faulty scalpel,Low voltage,,B,
BRS-P-381,SURGERY,,A patient with a femoral shaft fracture initially develops which type of shock?,Septic shock,Cardiogenic shock,Hypovolemic shock,Neurogenic shock,,C,
BRS-P-382,SURGERY,,What is the treatment sequence for a blue tortuous vein behind the knee associated with DVT?,Heparin followed by Warfarin,,,,,A,
BRS-P-383,SURGERY,,What is the definitive initial treatment for a symptomatic subdural hematoma?,Burr-hole drainage or craniotomy,,,,,A,
BRS-P-384,SURGERY,,A pulsating eye (exophthalmos) after trauma suggests:,Carotid-cavernous fistula,,,,,A,
BRS-P-385,SURGERY,,Fracture symphysis pubis. Structure damaged?,Bladder,Urethra,Rectum,Vagina,,B,
BRS-P-386,SURGERY,,Oropharyngeal carcinoma most commonly metastasizes to which group of lymph nodes first?,Level II (Upper jugular / deep cervical) lymph nodes,,,,,A,
BRS-P-387,TOXICOLOGY,,"A farmer presents with pinpoint pupils, salivation, and muscle fasciculations. What is the definitive antidote?",Atropine,,,,,A,
BRS-P-388,TOXICOLOGY,,What is a classic peripheral blood smear finding in a patient with lead poisoning?,Basophilic stippling of RBCs,,,,,A,
