FlashcardID,System,Chapter,Topic,Stem,Answer,Trick,Image,HighYield
fc-v9v6ben7,Musculoskeletal System,,Arthritis,Periarticular erosion is a feature of:,Rheumatoid arthritis,,,
fc-6ceuxlkk,Musculoskeletal System,,Arthritis,Presentation of Osteoarthritis:,Asymmetric joint involvement,,,
fc-xw8gvnau,Musculoskeletal System,,Arthritis,Presentation of Rheumatoid Arthritis:,Symmetric joint involvement,,,
fc-za5nr3jc,Musculoskeletal System,,Arthritis,Morning stiffness in Osteoarthritis:,<15 minutes,,,
fc-4z3w8r3h,Musculoskeletal System,,Arthritis,Morning stiffness in Rheumatoid Arthritis:,> 1 hour,,,
fc-2mbwckpm,Musculoskeletal System,,Arthritis,Joint Findings in Osteoarthritis:,"Heberden's nodes (DIP), Bouchards nodes (PIP)",,,
fc-sj22nhj2,Musculoskeletal System,,Arthritis,Joint Findings in Rheumatoid Arthritis:,"Swan-Neck Boutonniere deformity, Ulnar deviation of fingers",,,
fc-5wp9pw2y,Musculoskeletal System,,Arthritis,Radiographic Hallmark of Osteoarthritis:,"LOSS (Loss of joint space--typically non-uniform, Osteophytes, Subarticular sclerosis, Subchondral cysts)",,,
fc-av7l9p5m,Musculoskeletal System,,Arthritis,Radiographic Hallmark of Rheumatoid Arthritis:,"Loss of joint space--typically uniform, Soft tissue swelling, Erosions, Periarticular osteopenia",,,
fc-u56vsbhk,Musculoskeletal System,,Arthritis,Lab Findings in Osteoarthritis:,"Anti factor -ive, ESR, CRP Norm, Anti-CCP ive",,,
fc-hfdmwxgx,Musculoskeletal System,,Arthritis,Lab Findings in Rheumatoid Arthritis:,"FA factor +ive (70%-non-specific), ESR, CRP raised, Anti-CCP +ive (90% -- more specific)",,,
fc-m6lfn5l3,Musculoskeletal System,,Arthritis,Osteomyelitis is an infection of the bone caused by:,Staphylococcus aureus,,,
fc-qzmj5f6p,Musculoskeletal System,,Arthritis,Most common manifestation of autoimmune disease:,Hematological changes,,,
fc-hzvcdt6f,Musculoskeletal System,,Arthritis,Periarticular erosion is a feature of:,Rheumatoid arthritis,,,
fc-6kcb254u,Musculoskeletal System,,Arthritis,Most specific marker for rheumatoid arthritis is:,Anti CCP,,,
fc-w3wcxvud,Musculoskeletal System,,Arthritis,"A middle-aged woman with complaints of pain in hands joints making her unable to perform daily activity. In 6 years', her hands had starting to deform and she had nodules on extensor surface. The most likely diagnosis is:",RA,,,
fc-qd8tpxy4,Musculoskeletal System,,Autoimmune Diseases,Systemic Lupus Erythematosus typical scenario investigation:,Anti-dsDNA,,,
fc-t2fm22zd,Musculoskeletal System,,Autoimmune Diseases,"Primary biliary cirrhosis (female, cholestasis, portal HTN) autoantibody:",Antimitochondrial antibodies (AMAs),,,
fc-zqk8rhcj,Musculoskeletal System,,Autoimmune Diseases,Hashimoto thyroiditis autoantibody:,Antimicrosomal and anti-thyroglobulin antibodies,,,
fc-6cdcf4d7,Musculoskeletal System,,Autoimmune Diseases,"Celiac disease (diarrhea, weight loss) autoantibody:",Anti-transglutaminase/anti-gliadin/anti-endomysial antibodies,,,
fc-5rtv5und,Musculoskeletal System,,Autoimmune Diseases,Myasthenia gravis autoantibody:,Anti-ACh receptor,,,
fc-ue536ptg,Musculoskeletal System,,Autoimmune Diseases,Antiphospholipid syndrome autoantibody:,"Anticardiolipin, lupus anticoagulant",,,
fc-v2zs6r7m,Musculoskeletal System,,Autoimmune Diseases,Sjogren syndrome autoantibody:,"Anti-SSA, anti-SSB (anti-Ro, anti-La)",,,
fc-39v8egen,Musculoskeletal System,,Autoimmune Diseases,Drug-induced lupus autoantibody:,Anti-histone,,,
fc-sqp6x68j,Musculoskeletal System,,Autoimmune Diseases,Autoimmune hepatitis type 1 autoantibody:,Anti-smooth muscle,,,
fc-k72wn79d,Musculoskeletal System,,Autoimmune Diseases,"Sjogren's syndrome, SLE, congenital heart block autoantibody:",Anti-Ro,,,
fc-qzf75gat,Musculoskeletal System,,Autoimmune Diseases,Sjogren's syndrome autoantibody:,Anti-La,,,
fc-zszx53rf,Musculoskeletal System,,Autoimmune Diseases,Polymyositis autoantibody:,Anti-Jo 1,,,
fc-y5dzf5dy,Musculoskeletal System,,Autoimmune Diseases,Diffuse cutaneous systemic sclerosis autoantibody:,Anti-Scl-70,,,
fc-zxum5dxg,Musculoskeletal System,,Autoimmune Diseases,Limited cutaneous systemic sclerosis (CREST) autoantibody:,Anti-Centromere,,,
fc-qcvj9dn4,Musculoskeletal System,,Autoimmune Diseases,"A female complains of pain and dryness of eyes, dry mouth and parotid swelling, dysphagia. CXR shows fibrosis of lungs. Diagnosis:",Sjogren syndrome,,,
fc-jwpyafy2,Musculoskeletal System,,Autoimmune Diseases,Keratitis and dry mouth is seen in:,Sjogren syndrome,,,
fc-ckuybqgx,Musculoskeletal System,,Autoimmune Diseases,A 55-year female presents with 4 months' history of blurring of vision and itching on both the eyes. She also complains of dysphagia and dryness of mouth. O/E she has B/L parotid swelling and fibroid mouth fissures. CXR shows pneumonitis. The most likely diagnosis is:,Sjogren syndrome,,,
fc-9dwhpkgf,Musculoskeletal System,,Autoimmune Diseases,"Pt has Xerostomia, keratitis, dry eyes. Diagnosis:",Sjogren syndrome,,,
fc-htf5ly2t,Musculoskeletal System,,Autoimmune Diseases,Female with dry eye and dry mouth:,Sjogren syndrome,,,
fc-rhmyh7qp,Musculoskeletal System,,Autoimmune Diseases,Sjogren syndrome associated with:,RA (Rheumatoid Arthritis),,,
fc-tz3llnsb,Musculoskeletal System,,Autoimmune Diseases,A young woman complains of dry mouth and dry eyes. Which investigation will give clue to her diagnosis:,Anti SSA,,,
fc-fd54zfzf,Musculoskeletal System,,Autoimmune Diseases,"A female presented with dry mouth, dry eyes and anti SS-A and ANA positive. Which of the following is most dangerous long-term complication:",Pulmonary interstitial fibrosis,,,
fc-b4gspxjq,Musculoskeletal System,,Autoimmune Diseases,"A 35 years old female presents with 6-month Hx of fingers turning pale in cold (Raynaud's phenomenon) also having mild dyspnea with no wheeze, B/L pleural effusion, creatinine was high, urea also raised, ANA positive. What is the diagnosis:",Progressive Systemic Scleroderma,,,
fc-98xpuvbt,Musculoskeletal System,,Autoimmune Diseases,Dysphagia occurs in:,Scleroderma,,,
fc-yzp49k5u,Musculoskeletal System,,Autoimmune Diseases,"Old lady difficulties in swallowing, bruises skin, poor lady can't type on keyboard:",Crest syndrome,,,
fc-rflhj6l3,Musculoskeletal System,,Autoimmune Diseases,"A female pt developed proximal symmetrical muscle weakness, power of 3/5 and Anti-Jo Antibodies were positive. What other feature is most likely associated with it:",Skin Rash,,,
fc-zpzyt33c,Musculoskeletal System,,Autoimmune Diseases,Recurrent Abortion test that should be done:,Lupus anticoagulant,,,
fc-tgv3ck8n,Musculoskeletal System,,Autoimmune Diseases,Investigation for primary biliary cirrhosis:,Anti-mitochondrial antibody,,,
fc-cbzeawyr,Musculoskeletal System,,Autoimmune Diseases,A woman has presented with dysphagia which is worsening for 3 months. Now it is difficult for her to swallow pudding. On examination of the neck surgeon notices enlarged lymph nodes on the side of her neck. What is the cause:,Ca Esophagus,,,
fc-5zu8z9t9,Musculoskeletal System,,Autoimmune Diseases,Phospholipid cardiolipin present in:,Mitochondrial Membrane,,,
fc-dg6gnfs5,Musculoskeletal System,,Autoimmune Diseases,Autoimmune pancreatitis occurs due to:,IgG4,,,
fc-lpuw5s4u,Musculoskeletal System,,Autoimmune Diseases,"A 22-year-old female is found to have hematuria and proteinuria on urinalysis. She is not complaining of dysuria, abdominal pain, or any other urinary symptoms. On examination, her face appears cachectic, her buccal fat pads are absent, and her eyes appear sunken. Which of the following is the most likely diagnosis?",Lupus Nephritis,,,
fc-2q22nlsh,Musculoskeletal System,,Autoimmune Diseases,A 35-year-old female with a butterfly malar rash and positive ds-DNA presents with proteinuria and impaired renal function. The most likely renal lesion is:,Lupus nephritis,,,
fc-pydcf8x3,Musculoskeletal System,,Autoimmune Diseases,Girl with butterfly rash (SLE). Initial most sensitive test is:,ANA,,,
fc-whzl8q5n,Musculoskeletal System,,Autoimmune Diseases,Antinuclear antibodies (ANA) in SLE:,"Sensitive, not specific",,,
fc-58x4eqgn,Musculoskeletal System,,Autoimmune Diseases,Anti-dsDNA antibodies in SLE:,"Most Specific, poor prognosis (renal disease)",,,
fc-e6vaptmq,Musculoskeletal System,,Autoimmune Diseases,Anti-Smith antibodies in SLE:,"Specific, not prognostic",,,
fc-ab8pe8gz,Musculoskeletal System,,Autoimmune Diseases,Antihistone antibodies in SLE:,"Sensitive for drug-induced lupus (eg. hydralazine, procainamide)",,,
fc-dacs6as7,Musculoskeletal System,,Autoimmune Diseases,"Low C3, C4 in SLE:",Formation of complexes leads to consumption of complement,,,
fc-tmqj23ax,Musculoskeletal System,,Autoimmune Diseases,Anti-RO antibodies in SLE:,Congenital heart block,,,
fc-ztvrgmtt,Musculoskeletal System,,Autoimmune Diseases,Most specific test for diagnosis of SLE:,Antibody to double stranded DNA (Remember anti-dsDNA antibodies > Anti-smith antibodies),,,
fc-48t7cvxy,Musculoskeletal System,,Autoimmune Diseases,Most sensitive test for SLE is:,ANA,,,
fc-7v5zsxap,Musculoskeletal System,,Autoimmune Diseases,The fundamental defect in SLE is:,Failure of B and T cells for tolerance to self-antigens,,,
fc-nqlk8p3n,Musculoskeletal System,,Autoimmune Diseases,Low complement level seen mainly in:,SLE,,,
fc-89pc5qlw,Musculoskeletal System,,Autoimmune Diseases,"A Girl presented with Butterfly Rash, joint pain and hx of abortion. Most likely diagnosis is:",SLE,,,
fc-fqgppjrk,Musculoskeletal System,,Autoimmune Diseases,A lady who got rash on face after going in sun. The biopsy of lesion shows IgG with surrounding area clear. No other abnormality. ANA +ve. What is the cause:,Discoid SLE,,,
fc-hhjyknkq,Musculoskeletal System,,Autoimmune Diseases,Antinuclear antibodies may be found in which of the following conditions:,Systemic lupus,,,
fc-7326dunr,Musculoskeletal System,,Autoimmune Diseases,"A 23-year-old woman has had worsening malaise along with a malar skin rash persisting for 3 weeks. On physical examination, she has an audible friction rub on auscultation of the chest, along with a faint systolic murmur. An echocardiogram reveals small vegetation on the mitral valve and adjacent ventricular endocardium. Laboratory studies show a positive serologic test for anti-Smith antibody and ANA. Which of the following is the most likely diagnosis:",Systemic lupus erythematosus,,,
fc-qhzngdyk,Musculoskeletal System,,Autoimmune Diseases,Which one of the following is associated with prognosis in SLE:,Anti-dsDNA,,,
fc-hzluz6hc,Musculoskeletal System,,Bone,What is the primary ossification center for bone formation?,Diaphysis (Shaft of bone),,,
fc-vvdtn4vp,Musculoskeletal System,,Bone,What is the secondary ossification center for bone formation?,Epiphysis,,,
fc-sudva9uj,Musculoskeletal System,,Bone,The part of developing long bone which develops after birth from a secondary center of ossification is called:,Epiphysis,,,
fc-8n3x9tvn,Musculoskeletal System,,Bone,Primary center of ossification at birth is present at which site?,Diaphysis,,,
fc-f74e6lcs,Musculoskeletal System,,Bone,Secondary ossification center at birth first present in which of the following sites?,Distal femur,,,
fc-dwp2v2xh,Musculoskeletal System,,Bone,"At birth in a full-term baby, epiphyseal ossification centers are always present at the:",Distal end of femur,,,
fc-scea9bgz,Musculoskeletal System,,Bone,Secondary ossification center:,Epiphysis,,,
fc-qjcmehxg,Musculoskeletal System,,Bone,Femur ossification AT:,34 WEEK,,,
fc-sm2udes9,Musculoskeletal System,,Bone,Humerus primary ossification starts in which week?,8 week,,,
fc-h87sehxt,Musculoskeletal System,,Bone,Bone with 2 ossification centres:,Mandible,,,
fc-k2qysuy8,Musculoskeletal System,,Bone,Ossification of the sternum body occurs at the age of:,21 years,,,
fc-uuadgzfy,Musculoskeletal System,,Bone,Which of the following bones develop by Intramembranous ossification?,Clavicle,,,
fc-yy6xzmpv,Musculoskeletal System,,Bone,Radial Head ossification time:,3 years,,,
fc-9luurj9b,Musculoskeletal System,,Bone,Medial epicondyle ossification time:,5 years,,,
fc-jfsrk8rc,Musculoskeletal System,,Bone,Lateral Epicondyle ossification time:,11 years,,,
fc-c4hw9wjr,Musculoskeletal System,,Bone,Ischiopubic ramus fusion at:,7 years,,,
fc-xpq3nsmx,Musculoskeletal System,,Bone,Hip bone fuse with ilium at age:,26 years,,,
fc-pvgebgpk,Musculoskeletal System,,Bone,"Ossification of parietal bone, which part is last to ossify?",Angle,,,
fc-qpjqqau8,Musculoskeletal System,,Bone,"The parietal bone is ossified in membrane from two centres, which appear one above the other at the:",Eminence,,,
fc-yvkmfyuz,Musculoskeletal System,,Bone,Ossification of the sternum body occurs at the age of:,21 years,,,
fc-84g4npqj,Musculoskeletal System,,Bone,The first bone of the body in an embryo to begin ossification is:,Clavicle,,,
fc-ddzunnhq,Musculoskeletal System,,Bone,An 11 year old girl is referred to the radiology department for X-ray elbow joint for the assessment of bone age. The secondary centre of ossification last to appear in her humerus is:,The centre for the lateral epicondyle,,,
fc-bbz6u6gc,Musculoskeletal System,,Bone,Ossification process is usually carried out at:,Multiple centers in individual bones,,,
fc-ewzec5qm,Musculoskeletal System,,Bone,Hyaline cartilage is precursor of:,Intracartilaginous ossification,,,
fc-74ccqvf9,Musculoskeletal System,,Bone,Mature bone contains major component of:,Ca hydroxyapatite,,,
fc-3zaeqs9r,Musculoskeletal System,,Bone Cells,Normal levels of parathyroid hormone are found in:,Osteoporosis,,,
fc-ywqw43bv,Musculoskeletal System,,Bone Cells,The cells of the bone which are responsible for the maintenance and integrity of the bone matrix are:,Osteocytes,,,
fc-wscgml6m,Musculoskeletal System,,Bone Cells,"Bone forming cells, causes mineralization via ALP are:",Osteoblasts,,,
fc-zpgk3mhr,Musculoskeletal System,,Bone Cells,Dissolves bone/resorption of bone causing bone remodeling. Located in shallow grooves called Howship's lacunae:,Osteoclasts,,,
fc-6euasgvs,Musculoskeletal System,,Bone Cells,Cells which help in formation of bone and matrix:,Osteoblasts,,,
fc-3yvn7rk9,Musculoskeletal System,,Bone Cells,The cells of the bone which are responsible for the synthesis of new matrix and fibers are called:,Osteoblasts,,,
fc-lpu9vh25,Musculoskeletal System,,Bone Cells,The enzyme that increases osteoblastic activity is:,Alkaline phosphatase,,,
fc-8u6z3z6p,Musculoskeletal System,,Bone Cells,Osteoclast is inhibited by:,Calcitonin,,,
fc-dtc5vdx3,Musculoskeletal System,,Bone Cells,Howship lacunae contains:,Osteoclasts,,,
fc-8bxu9l4g,Musculoskeletal System,,Bone Cells,"Regarding Osteogenesis, which is correct?",Osteoclasts in Howship lacuna,,,
fc-hfczgpp9,Musculoskeletal System,,Bone Cells,Which one of these bone cells has a different origin?,Osteoclast,,,
fc-waw9bqry,Musculoskeletal System,,Bone Cells,Which of the following cell has a variable life?,Osteoclast,,,
fc-7usavaxz,Musculoskeletal System,,Bone Cells,"Remember: Osteoblasts and osteocytes are mesenchymal in origin, while osteoclasts are derived from:",Hematopoietic lineage,,,
fc-36lt722b,Musculoskeletal System,,Bone Cells,Which bone cells are related to bone remodeling?,Osteoblasts plus osteoclasts,,,
fc-2brc5ndm,Musculoskeletal System,,Bone Cells,"Regarding Osteogenesis, which is correct?",Osteoblasts secrete alkaline phosphate,,,
fc-am8dhncd,Musculoskeletal System,,Bone Cells,"Increased osteoclastic activity, fracture, lytic lesion, hormone responsible:",PTH,,,
fc-2yl7y2gc,Musculoskeletal System,,Bone Cells,Which hormone causes osteoclasts to resorb bone?,PTH,,,
fc-bf6ple5p,Musculoskeletal System,,Bone Disorders,"A patient presents with bone pains, normal Calcium, and increased Alkaline Phosphatase. What is the most likely diagnosis?",Paget's Disease,,,
fc-gylmn8gq,Musculoskeletal System,,Bone Disorders,"Failure of normal bone resorption due to defective osteoclasts leading to thickened, dense bones is known as:",Osteopetrosis,,,
fc-w77jluj2,Musculoskeletal System,,Bone Disorders,Vitamin D deficiency in children leads to:,Rickets,,,
fc-4kjhbzma,Musculoskeletal System,,Bone Disorders,Vitamin D deficiency in adults leads to:,Osteomalacia,,,
fc-vl7amx8z,Musculoskeletal System,,Bone Disorders,"Characterized by a decrease in bone mass/bone density, normal bone mineralization, and normal lab values (calcium and phosphate) is:",Osteoporosis,,,
fc-j9vl6cqq,Musculoskeletal System,,Bone Disorders,"In Osteoporosis, the serum Calcium, Phosphate, ALP, and PTH levels are typically:",Normal,,,
fc-t3udnmhu,Musculoskeletal System,,Bone Disorders,"In Osteopetrosis, the lab values typically show:","Normal/Low Calcium, Normal/High Phosphate, High ALP",,,
fc-ae363k7h,Musculoskeletal System,,Bone Disorders,"In Paget disease of bone, the lab values typically show:","Normal Ca, Normal PO4, High ALP, Normal PTH",,,
fc-6zhnx6c2,Musculoskeletal System,,Bone Disorders,"In Primary hyperparathyroidism, the lab values typically show:","High Ca, Low PO4, High ALP, High PTH",,,
fc-kefaqfx8,Musculoskeletal System,,Bone Disorders,"In Secondary hyperparathyroidism (e.g., CRF), the lab values typically show:","Low Ca, High PO4, High ALP, High PTH",,,
fc-fdvnbezh,Musculoskeletal System,,Bone Disorders,"In Osteomalacia/Rickets, the lab values typically show:","Low Ca, Low PO4, High ALP, High PTH",,,
fc-a7gshgb9,Musculoskeletal System,,Bone Disorders,A woman of 45 years of age presented with a fracture neck of femur. Serum Ca is 12.1 mg/dL (Normal 8.5-10.2). What is the most likely cause?,Hyperparathyroidism,,,
fc-ecec6lap,Musculoskeletal System,,Bone Disorders,"A 65-year-old patient with low serum Ca, high phosphate, high PTH, and osteomalacia. Cause:",Chronic Renal Failure (CRF),,,
fc-6e4rv5am,Musculoskeletal System,,Bone Disorders,"A 60-year-old c/o pain in upper arms for 6 months. Examination unremarkable except decreased range of motion. Labs: CBC normal, Na-K normal, Ca 7.8 (Normal 8.5-10.2), phosphate 6.4 (High), albumin 4, creatinine 7.8. What's your diagnosis?",Parathyroid hyperplasia (secondary hyperparathyroidism),,,
fc-2z7jv6jy,Musculoskeletal System,,Bone Disorders,Most common cause of multiple fractures in adults is:,Osteoporosis,,,
fc-mvwtwhh7,Musculoskeletal System,,Bone Disorders,A patient on long-term steroid therapy most probably has an increased risk of:,Osteoporosis and fractures,,,
fc-vjl5nlxx,Musculoskeletal System,,Bone Disorders,Multiple fractures are commonly observed in an adult who is suffering from:,Osteoporosis,,,
fc-aswflcyq,Musculoskeletal System,,Bone Disorders,The cause of osteoporosis in a 60-year-old male is:,Endocrinology disturbance/hormonal insufficiency,,,
fc-9wrxvuqf,Musculoskeletal System,,Bone Disorders,"A 59-year-old woman with a family history of ischemic heart disease and breast cancer, concerned about osteoporosis prevention, should be managed with:",Raloxifene (SERM),,,
fc-2deq4gnk,Musculoskeletal System,,Bone Disorders,"Regarding osteoporosis, which is correct descriptive feature?",Thin and wide trabeculae,,,
fc-gqvxddm7,Musculoskeletal System,,Bone Disorders,Osteoporosis shows which of the following lab values?,Normal PTH,,,
fc-5f3azfdm,Musculoskeletal System,,Bone Disorders,Osteopetrosis causes increased bone density and brittle bones due to:,Defect in osteoclasts,,,
fc-a3keu7l2,Musculoskeletal System,,Bone Disorders,"In osteopetrosis, defective cells are:",Osteoclasts,,,
fc-rhgwn5sj,Musculoskeletal System,,Bone Disorders,"An 18-year-old boy presents with a radial fracture, multiple other bone fractures, and blue sclera. Diagnosis:",Osteogenesis Imperfecta,,,
fc-zg9m7fen,Musculoskeletal System,,Bone Disorders,Rickets is caused due to deficiency of:,Vitamin D,,,
fc-mzr5z2t5,Musculoskeletal System,,Bone Disorders,"A 5-year-old child weighing 10 kg, height 167 cm presented with bowing of legs. Most likely cause is:",Deficiency of Vitamin D,,,
fc-vkcsnauu,Musculoskeletal System,,Bone Disorders,"Causes of osteoporosis include Steroids, Hyperparathyroidism, Kidney disease and:",Post-menopausal (Estrogen deficiency),,,
fc-p66pslpq,Musculoskeletal System,,Bone Disorders,Common cause of osteoporosis:,Post menopause,,,
fc-psmw4z5v,Musculoskeletal System,,Bone Disorders,"A 45-year-old post-menopausal female insulin-dependent DM patient with uncontrolled DM presented with a fracture, and on X-ray osteoporosis is seen. Cause was:",Decreased estrogen,,,
fc-sztuegkh,Musculoskeletal System,,Bone Disorders,Prostate carcinoma patients show metastatic lesion in:,Osteoblast,,,
fc-zahlbvqg,Musculoskeletal System,,Bone Disorders,The enzyme that increases osteoblastic activity:,Alkaline phosphatase,,,
fc-cfxvw8g4,Musculoskeletal System,,Bone Disorders,Conversion of chondrocytes to osteocytes caused by:,Growth hormone (thyroid and growth hormone both cause conversion),,,
fc-c276lg3q,Musculoskeletal System,,Bone Growth,About bone:,Newly laid uncalcified bone matrix is called osteoid,,,
fc-5twn989v,Musculoskeletal System,,Bone Growth,About bone:,Appositional growth,,,
fc-qg4lwuz3,Musculoskeletal System,,Bone Growth,Regarding compact bone:,Circumferential lamella form osteon,,,
fc-eupc6d5b,Musculoskeletal System,,Bone Growth,Regarding compact bone:,Lamella are arranged in regular fashion,,,
fc-4sf9tc37,Musculoskeletal System,,Bone Hormones,Growth hormone increases:,Osteoblastic activity,,,
fc-p54wqy4e,Musculoskeletal System,,Bone Hormones,Glucocorticoids:,Decreases osteoblastic activity,,,
fc-6bdf5fd2,Musculoskeletal System,,Bone Infection,A 45-year-old female with joint pain presenting with morning stiffness and pain. The pain lasts for few minutes. What is your diagnosis:,Osteoarthritis,,,
fc-u7xkdf9w,Musculoskeletal System,,Bone Infection,Brodie's abscess occurs in:,Pyogenic osteomyelitis,,,
fc-dprg2j3s,Musculoskeletal System,,Bone Infection,Osteomyelitis of mandible is commonly caused by:,Staphylococcus aureus,,,
fc-4vkutdzk,Musculoskeletal System,,Bone Tumors,Giant cell tumor location mnemonic GEOMED:,Giant cell --- Epiphysis,,,
fc-rywut7qk,Musculoskeletal System,,Bone Tumors,Osteosarcoma/ Osteochondroma location mnemonic GEOMED:,Metaphysis,,,
fc-qjk6xvbf,Musculoskeletal System,,Bone Tumors,Ewing sarcoma location mnemonic GEOMED:,Diaphysis,,,
fc-slcwpnlb,Musculoskeletal System,,Bone Tumors,Most common primary malignant bone tumor:,Osteosarcoma,,,
fc-8zsfl4fp,Musculoskeletal System,,Bone Tumors,Tumor involved metaphysis of bone it was:,Osteosarcoma,,,
fc-ls5whkxr,Musculoskeletal System,,Bone Tumors,The most common tumor of bone in the epiphysis during young age is:,"Osteosarcoma (Note: Text states Osteosarcoma for young age epiphysis, though commonly GCT is epiphyseal in adults)",,,
fc-xcsxch3r,Musculoskeletal System,,Bone Tumors,Most common malignant tumor of bone in second decade of life:,Osteosarcoma,,,
fc-wbbythv8,Musculoskeletal System,,Bone Tumors,Most common benign tumor of bone:,Osteochondroma,,,
fc-f5h8qt3w,Musculoskeletal System,,Bone Tumors,A 20-year female presented with proximal tibial swelling. On radiology both epiphysis and metaphysis were involved. Histology showed multinucleated giant cells. What is the likely diagnosis:,Giant cell tumor,,,
fc-rt9rqzgw,Musculoskeletal System,,Bone Tumors,Most common carcinoma of diaphysis is:,Ewing sarcoma,,,
fc-jlrpx3wx,Musculoskeletal System,,Bone Tumors,Ewing sarcoma occurs due to chromosomal translocation in:,11:22,,,
fc-62df797s,Musculoskeletal System,,Bone Tumors,"In an epidemiologic study, ""fallout"" from nuclear bomb testing... release radioactive isotopes... strontium-90... most likely to increase the risk for which of the following neoplasms:",Osteosarcoma,,,
fc-utebfpj9,Musculoskeletal System,,Bone Tumors,Strontium 90 released from atomic bombs is notorious for causing:,Osteosarcoma,,,
fc-upvr4af4,Musculoskeletal System,,Bone Tumors,"A child having retinoblastoma was on radiotherapy, during treatment another tumor raised in lower limb, the possible arises tumor in presence of retinoblastoma is:",Osteosarcoma,,,
fc-s75xcef7,Musculoskeletal System,,Bone Tumors,Association of Retinoblastoma and Osteosarcoma is well established.,TRUE,,,
fc-vbs42lwl,Musculoskeletal System,,Bone Tumors,The radiological appearance of giant cell tumor is:,Soap bubble appearance,,,
fc-nc44vd9e,Musculoskeletal System,,Bone Tumors,Onion skin appearance is seen in:,Ewing's sarcoma,,,
fc-9h4jh5nn,Musculoskeletal System,,Bone Tumors,Honeycomb appearance is seen in:,Adamantinoma,,,
fc-6wykktkd,Musculoskeletal System,,Bone Tumors,Soap bubble appearance is seen in:,Osteoclastoma (Giant Cell Tumor),,,
fc-n4ygqrqt,Musculoskeletal System,,Bone Tumors,Codman's triangle is seen in:,Osteosarcoma,,,
fc-snlym78e,Musculoskeletal System,,Bone Tumors,Sun ray appearance is seen in:,Osteosarcoma,,,
fc-sa7w4dxj,Musculoskeletal System,,Bone Tumors,Chicken wire pattern is seen in:,Chondroblastoma,,,
fc-lpumaqt3,Musculoskeletal System,,Bone Tumors,Linear Striations are seen in:,Vertebral Hemangioma,,,
fc-uj5zf6e2,Musculoskeletal System,,Bone Tumors,Cotton wool/Ground Glass Appearance is seen in:,Fibrous Dysplasia,,,
fc-zwt3k338,Musculoskeletal System,,Bone Tumors,15-year-old boy presented with a mass in the distal femur. X-ray from the lesion showed features of Codman's Triangle and Sun ray appearance. The diagnosis is most likely to be:,Osteosarcoma,,,
fc-b66rj42y,Musculoskeletal System,,Bone Tumors,Soap bubble appearance on X-ray suggest which of the following:,Giant cell tumour,,,
fc-twdt3lx5,Musculoskeletal System,,Bone Tumors,"Patient with painless maxillary swelling. On radiology a radiolucent, radio-opaque lesion with ground glass appearance is seen. The likely diagnosis is:",Fibrous dysplasia,,,
fc-99dlh8zu,Musculoskeletal System,,Bone Tumors,A 14-year-old high school football player developed pain in his right leg. An x-ray showed a 1cm sharply demarcated radiolucent lesion in the diaphysis of the tibia surrounded by dense sclerotic bone. The most likely diagnosis is:,Osteoid osteoma,,,
fc-x9utsms5,Musculoskeletal System,,Bone Tumors,Most common primary bone tumor in the second decade is:,Osteosarcoma,,,
fc-sqpwv72b,Musculoskeletal System,,Bone Tumors,Radiological appearance of giant cell tumor is:,Soap bubble appearance,,,
fc-wxc3j8as,Musculoskeletal System,,Bone Tumors,"A 20-year-old female with proximal tibial swelling involving epiphysis and metaphysis, histology shows giant cells indicating:",Giant cell tumor,,,
fc-k2dyr2nw,Musculoskeletal System,,Joint Disorders,Old woman with swelling on external ear she also had gout with -ive birefringent type crystals scenario was given:,Monosodium Urate,,,
fc-9yd66hgm,Musculoskeletal System,,Joint Disorders,Gout crystals are:,Monosodium urate,,,
fc-r6dkuwsx,Musculoskeletal System,,Joint Disorders,Gout crystal characteristics:,"Needle like, negative birefringent",,,
fc-hsghds7c,Musculoskeletal System,,Joint Disorders,Pseudogout crystals are:,Calcium Pyrophosphate,,,
fc-s9v9ab8m,Musculoskeletal System,,Joint Disorders,Pseudogout crystal characteristics:,"Rhomboid shape, positive birefringent",,,
fc-dnw3qy94,Musculoskeletal System,,Joint Disorders,Gout most common site:,1st metatarsophalangeal joint (podagra),,,
fc-6ltgdm7y,Musculoskeletal System,,Joint Disorders,Pseudogout most common site:,Knee,,,
fc-48utgpge,Musculoskeletal System,,Joint Disorders,Gout treatment acute attack:,"NSAIDS, Colchicine, steroids",,,
fc-aky34hxf,Musculoskeletal System,,Joint Disorders,Gout treatment chronic attack:,"Allopurinol (should not be used in acute attack), Febuxostat",,,
fc-s3w2dcps,Musculoskeletal System,,Joint Disorders,Pseudogout treatment:,"NSAIDS, Colchicine, steroids",,,
fc-g8gps6x4,Musculoskeletal System,,Joint Disorders,Pseudogout prophylaxis:,Colchicine,,,
fc-j4k8vtmh,Musculoskeletal System,,Joint Disorders,"A 50-year man is awakened in the middle of the night with acute pain & tenderness of the right knee. He has a low-grade fever. His knee is hot, tender & swollen. Analysis of fluid from right knee shows: leukocytes 70,000/mm3 with 75% neutrophils, crystal analysis shows negative birefringent, gram stain: negative. The most likely diagnosis is:",Acute Gout,,,
fc-f749d5cr,Musculoskeletal System,,Joint Disorders,A lady presented with swollen 1 metatarsophalangeal joint. The swelling is tender and red. She also complains of soft swelling at knee 2 weeks back. She also gives history of 2 similar episodes within 6 months. Which investigation is helpful to make the diagnosis:,Uric acid level,,,
fc-klx922zl,Musculoskeletal System,,Joint Disorders,A 51-year lady presented with pain and swelling ankle joint with no history of trauma. Serum uric acid levels are high. Which test should be done next to confirm diagnosis:,Microscopy of joint fluid for monosodium urate crystals,,,
fc-7b6vl7t8,Musculoskeletal System,,Joint Disorders,A 50-years old lady presents with markedly inflamed and painful right big toe. Physical examination reveals small nodules on patient's external ear. Aspiration of metatarsophalangeal joint of affected toe demonstrated needle-shaped birefringent crystals. These crystals are most likely composed of:,Monosodium urate,,,
fc-vgbplaxt,Musculoskeletal System,,Joint Disorders,Specific appropriate diagnosis of primary gout is by:,Urate crystals in the joints,,,
fc-5kbelkxt,Musculoskeletal System,,Joint Disorders,A patient with spontaneous pain in big toe and loss of movements of metatarsophalangeal joint. What test should be done to diagnose the disease:,Synovial fluid analysis,,,
fc-z86c6uay,Musculoskeletal System,,Joint Disorders,51 years old well fed male developed swelling of right big toe. there was no history of trauma. the most appropriate investigation would be:,Plasma uric acid,,,
fc-qcrkysk9,Musculoskeletal System,,Joint Disorders,DOC for acute gout:,"High-dose NSAIDs (e.g., indomethacin) are first line",,,
fc-xnb2zcu2,Musculoskeletal System,,Joint Disorders,Use of Colchicine in acute gout:,May also be used but is inferior to NSAIDs,,,
fc-nxqphgnh,Musculoskeletal System,,Joint Disorders,Use of Steroids in acute gout:,"Are used when NSAIDs are ineffective or contraindicated, as in renal disease",,,
fc-6dh7wew8,Musculoskeletal System,,Joint Disorders,MOA of Allopurinol:,Xanthine oxidase inhibitor,,,
fc-y6gajkkc,Musculoskeletal System,,Joint Disorders,What can mask the effects of allopurinol:,Increased levels of albumin,,,
fc-3cjmruws,Musculoskeletal System,,Joint Disorders,Which of the following interacts with the pharmacodynamics of Allopurinol:,Albumin,,,
fc-w96jxxzk,Musculoskeletal System,,Joint Disorders,End product of purine metabolism is:,Uric acid,,,
fc-4u9kpa2b,Musculoskeletal System,,Neuromuscular Junction,Type of hypersensitivity reaction in Myasthenia Gravis:,Type 2,,,
fc-snp762eb,Musculoskeletal System,,Neuromuscular Junction,Myasthenia Gravis Pathophysiology:,Autoantibodies to postsynaptic nicotinic ACh receptor,,,
fc-lwwgdtt5,Musculoskeletal System,,Neuromuscular Junction,Lambert-Eaton Syndrome Pathophysiology:,Autoantibodies to presynaptic Ca2+ channel -> dec ACh release,,,
fc-3dw69fxe,Musculoskeletal System,,Neuromuscular Junction,Myasthenia Gravis Clinical Features:,"Ptosis, diplopia, weakness worsens with muscle use and recovery on rest",,,
fc-2u4rfkq3,Musculoskeletal System,,Neuromuscular Junction,Lambert-Eaton Syndrome Clinical Features:,"Proximal muscle weakness, autonomic symptoms, Improves with muscle use",,,
fc-h8p4vqwt,Musculoskeletal System,,Neuromuscular Junction,Myasthenia Gravis Associated With:,"Thymoma, Thymic hyperplasia",,,
fc-ypf7jlp3,Musculoskeletal System,,Neuromuscular Junction,Lambert-Eaton Syndrome Associated With:,Small cell lung cancer,,,
fc-5lkbyy8f,Musculoskeletal System,,Neuromuscular Junction,Myasthenia Gravis Treatment:,AChE Inhibitor (Pyridostigmine and Neostigmine),,,
fc-bknv9f8p,Musculoskeletal System,,Neuromuscular Junction,Lambert-Eaton Syndrome Treatment:,Minimal effect with AChE inhibitors,,,
fc-pv4ygnf2,Musculoskeletal System,,Neuromuscular Junction,Myasthenia gravis antibodies are present against:,Nicotinic receptor,,,
fc-aysvw9x5,Musculoskeletal System,,Neuromuscular Junction,The receptors for acetylcholine and nicotinic are present in:,Neuromuscular junction,,,
fc-sm6p8yv2,Musculoskeletal System,,Neuromuscular Junction,Neostigmine Preferred in Which Disease:,Myasthenia Gravis,,,
fc-5caempl4,Musculoskeletal System,,Neuromuscular Junction,Treatment of Myasthenia gravis:,Anticholinesterase,,,
fc-ht75qvk9,Musculoskeletal System,,Neuromuscular Junction,"In Myasthenia gravis, which of the following is responsible for pathogenesis:",Ig G,,,
fc-e5yez8yh,Musculoskeletal System,,Neuromuscular Junction,Acetylcholine Antibodies is associated with:,Myasthenia gravis,,,
fc-j7f3tln3,Musculoskeletal System,,Neuromuscular Junction,Lambert-Eaton myasthenic syndrome (LEMS):,Autoantibodies against calcium channel,,,
fc-tefgxvuw,Musculoskeletal System,,Neuromuscular Junction,Diagnostic test for myasthenia gravis:,EMG (Ref MTB step 2 CK),,,
fc-7n2rs6zw,Musculoskeletal System,,Neuromuscular Junction,Myasthenia gravis Investigations:,Anti-AChR antibodies (80%-90% sensitive),,,
fc-48vtpras,Musculoskeletal System,,Neuromuscular Junction,"For patients without those antibodies (AChR), get:",Anti-MuSK antibodies (muscle-specific kinase),,,
fc-g5s8j8j6,Musculoskeletal System,,Neuromuscular Junction,Edrophonium:,Short-acting inhibitor of acetylcholinesterase,,,
fc-xhjz9bl7,Musculoskeletal System,,Neuromuscular Junction,Most accurate test for MG:,Electromyography shows decreased strength with repetitive stimulation,,,
fc-39mxcugd,Musculoskeletal System,,Neuromuscular Junction,CT/MRI in MG is to exclude:,Thymoma,,,
fc-chkbksk4,Musculoskeletal System,,Neuromuscular Junction,Which initial drug is given in myasthenia gravis to decrease ACh degradation in neurosynaptic junction:,Neostigmine,,,
fc-zr52ljgf,Musculoskeletal System,,Neuromuscular Junction,A patient of myasthenia gravis is being treated with Neostigmine and Atropine but is still symptomatic. Test dose of Edrophonium relieves symptoms. What is a reasonable approach for future management:,Increase Neostigmine dose,,,
fc-6paj36hh,Musculoskeletal System,,Neuromuscular Junction,Inherited condition in which there is low K and leads to low muscle tone and weakness:,Familial periodic paralysis,,,
fc-jqxsvjhw,Musculoskeletal System,,Neuromuscular Junction,Where is the antibody targeted in Lambert-Eaton syndrome:,Voltage-gated calcium channels,,,
